Lighter Style,Collection,Product Title,Brand,Size,Case Qty,SKU,Barcode (PC),UPC Code (PC),Barcode (CS),UPC Code (CS),Distributor Price,MSRP (Retail),Sellable on Amazon?,Amazon SRP,Product Photo Preview,Product/Lifestyle Photos,,MSRP (Retail) Clean,Amazon SRP Clean,Piece SKU,Case SKU,Catalog Style,Catalog Collection,Catalog Product Title,Catalog Search,Catalog Search Normalized,Matched Product Title,Matched Product Handle,Matched Product URL,Product Match Score,Matched Variant Label,Variant Match Score,Primary Image URL,Gallery Image URLs,Image Count,Available,Match Status
BIC,Standard Bic Mixed Colors 2.0,Standard Bic - Black,Toker Poker,"1 piece = 3.125""x1.75""x0.75"", 0.8 oz.
1 case = 9.5""x18""x16"", 27.5 lbs.",500 pieces,"Piece: RTL-01-A-US-ST-BL
Case: RTL-01-A-US-ST-BL-MC",,810108340119,,10810108340116,2.8, $10.99/unit ,Yes,$9.99,,See Standard Bic Black Photos HERE,,10.99,9.99,RTL-01-A-US-ST-BL,RTL-01-A-US-ST-BL-MC,BIC,Standard Bic Mixed Colors 2.0,Standard Bic - Black,BIC | Standard Bic Mixed Colors 2.0 | Standard Bic - Black,bic standard bic standard bic black,Alice in Wonderland - BIC,alice-wonderland-collection,https://tokerpoker.com/collections/shop-all/products/alice-wonderland-collection,100,Alice Bundle,50,https://cdn.shopify.com/s/files/1/2665/6390/files/CockPaw---revamp.jpg?v=1759356462,https://cdn.shopify.com/s/files/1/2665/6390/files/CockPaw---revamp.jpg?v=1759356462 | https://cdn.shopify.com/s/files/1/2665/6390/files/Aiw---5-Pack---REVAMP.jpg?v=1759356522 | https://cdn.shopify.com/s/files/1/2665/6390/files/HoneyHatter---revamp.jpg?v=1759356522 | https://cdn.shopify.com/s/files/1/2665/6390/files/SugarCube1---revmap.jpg?v=1759356522 | https://cdn.shopify.com/s/files/1/2665/6390/files/ClockMaw---revamp.jpg?v=1759356522 | https://cdn.shopify.com/s/files/1/2665/6390/files/RedQueen---revamp.jpg?v=1759356522,6,True,matched
BIC,Standard Bic Mixed Colors 2.0, Standard Bic - Carolina,Toker Poker,"1 piece = 3.125""x1.75""x0.75"", 0.8 oz.
1 case = 9.5""x18""x16"", 27.5 lbs.",500 pieces,"Piece: RTL-01-A-US-ST-CA
Case: RTL-01-A-US-ST-CA-MC",,810108340102,,10810108340109,2.8, $10.99/unit ,Yes,$9.99,,See Standard Bic Carolina Photos HERE,,10.99,9.99,RTL-01-A-US-ST-CA,RTL-01-A-US-ST-CA-MC,BIC,Standard Bic Mixed Colors 2.0,Standard Bic - Carolina,BIC | Standard Bic Mixed Colors 2.0 | Standard Bic - Carolina,bic standard bic standard bic carolina,Alice in Wonderland - BIC,alice-wonderland-collection,https://tokerpoker.com/collections/shop-all/products/alice-wonderland-collection,100,Sugar Cube,45,https://cdn.shopify.com/s/files/1/2665/6390/files/CockPaw---revamp.jpg?v=1759356462,https://cdn.shopify.com/s/files/1/2665/6390/files/CockPaw---revamp.jpg?v=1759356462 | https://cdn.shopify.com/s/files/1/2665/6390/files/Aiw---5-Pack---REVAMP.jpg?v=1759356522 | https://cdn.shopify.com/s/files/1/2665/6390/files/HoneyHatter---revamp.jpg?v=1759356522 | https://cdn.shopify.com/s/files/1/2665/6390/files/SugarCube1---revmap.jpg?v=1759356522 | https://cdn.shopify.com/s/files/1/2665/6390/files/ClockMaw---revamp.jpg?v=1759356522 | https://cdn.shopify.com/s/files/1/2665/6390/files/RedQueen---revamp.jpg?v=1759356522,6,True,matched
BIC,Standard Bic Mixed Colors 2.0,Standard Bic - Grey,Toker Poker,"1 piece = 3.125""x1.75""x0.75"", 0.8 oz.
1 case = 9.5""x18""x16"", 27.5 lbs.",500 pieces,"Piece: RTL-01-A-US-ST-GR
Case: RTL-01-A-US-ST-GR-MC",,810108340126,,10810108340123,2.8, $10.99/unit ,Yes,$9.99,,See Standard Bic Grey Photos HERE,,10.99,9.99,RTL-01-A-US-ST-GR,RTL-01-A-US-ST-GR-MC,BIC,Standard Bic Mixed Colors 2.0,Standard Bic - Grey,BIC | Standard Bic Mixed Colors 2.0 | Standard Bic - Grey,bic standard bic standard bic grey,Alice in Wonderland - BIC,alice-wonderland-collection,https://tokerpoker.com/collections/shop-all/products/alice-wonderland-collection,100,Sugar Cube,48,https://cdn.shopify.com/s/files/1/2665/6390/files/CockPaw---revamp.jpg?v=1759356462,https://cdn.shopify.com/s/files/1/2665/6390/files/CockPaw---revamp.jpg?v=1759356462 | https://cdn.shopify.com/s/files/1/2665/6390/files/Aiw---5-Pack---REVAMP.jpg?v=1759356522 | https://cdn.shopify.com/s/files/1/2665/6390/files/HoneyHatter---revamp.jpg?v=1759356522 | https://cdn.shopify.com/s/files/1/2665/6390/files/SugarCube1---revmap.jpg?v=1759356522 | https://cdn.shopify.com/s/files/1/2665/6390/files/ClockMaw---revamp.jpg?v=1759356522 | https://cdn.shopify.com/s/files/1/2665/6390/files/RedQueen---revamp.jpg?v=1759356522,6,True,matched
BIC,Standard Bic Mixed Colors 2.0,Standard Bic - Army,Toker Poker,"1 piece = 3.125""x1.75""x0.75"", 0.8 oz.
1 case = 9.5""x18""x16"", 27.5 lbs.",500 pieces,"Piece: RTL-01-A-US-ST-AR
Case: RTL-01-A-US-ST-AR-MC",,810108340096,,10810108340093,2.8, $10.99/unit ,Yes,$9.99,,See Standard Bic Army Photos HERE,,10.99,9.99,RTL-01-A-US-ST-AR,RTL-01-A-US-ST-AR-MC,BIC,Standard Bic Mixed Colors 2.0,Standard Bic - Army,BIC | Standard Bic Mixed Colors 2.0 | Standard Bic - Army,bic standard bic standard bic army,Alice in Wonderland - BIC,alice-wonderland-collection,https://tokerpoker.com/collections/shop-all/products/alice-wonderland-collection,100,Sugar Cube,48,https://cdn.shopify.com/s/files/1/2665/6390/files/CockPaw---revamp.jpg?v=1759356462,https://cdn.shopify.com/s/files/1/2665/6390/files/CockPaw---revamp.jpg?v=1759356462 | https://cdn.shopify.com/s/files/1/2665/6390/files/Aiw---5-Pack---REVAMP.jpg?v=1759356522 | https://cdn.shopify.com/s/files/1/2665/6390/files/HoneyHatter---revamp.jpg?v=1759356522 | https://cdn.shopify.com/s/files/1/2665/6390/files/SugarCube1---revmap.jpg?v=1759356522 | https://cdn.shopify.com/s/files/1/2665/6390/files/ClockMaw---revamp.jpg?v=1759356522 | https://cdn.shopify.com/s/files/1/2665/6390/files/RedQueen---revamp.jpg?v=1759356522,6,True,matched
BIC,Standard Bic Mixed Colors 2.0,Standard Bic - Lavender,Toker Poker,"1 piece = 3.125""x1.75""x0.75"", 0.8 oz.
1 case = 9.5""x18""x16"", 27.5 lbs.",500 pieces,"Piece: RTL-01-A-US-ST-LV
Case: RTL-01-A-US-ST-LV-MC",,810108340140,,10810108340147,2.8, $10.99/unit ,Yes,$9.99,,See Standard Bic Lavender Photos HERE,,10.99,9.99,RTL-01-A-US-ST-LV,RTL-01-A-US-ST-LV-MC,BIC,Standard Bic Mixed Colors 2.0,Standard Bic - Lavender,BIC | Standard Bic Mixed Colors 2.0 | Standard Bic - Lavender,bic standard bic standard bic lavender,Alice in Wonderland - BIC,alice-wonderland-collection,https://tokerpoker.com/collections/shop-all/products/alice-wonderland-collection,100,Alice Bundle,48,https://cdn.shopify.com/s/files/1/2665/6390/files/CockPaw---revamp.jpg?v=1759356462,https://cdn.shopify.com/s/files/1/2665/6390/files/CockPaw---revamp.jpg?v=1759356462 | https://cdn.shopify.com/s/files/1/2665/6390/files/Aiw---5-Pack---REVAMP.jpg?v=1759356522 | https://cdn.shopify.com/s/files/1/2665/6390/files/HoneyHatter---revamp.jpg?v=1759356522 | https://cdn.shopify.com/s/files/1/2665/6390/files/SugarCube1---revmap.jpg?v=1759356522 | https://cdn.shopify.com/s/files/1/2665/6390/files/ClockMaw---revamp.jpg?v=1759356522 | https://cdn.shopify.com/s/files/1/2665/6390/files/RedQueen---revamp.jpg?v=1759356522,6,True,matched
BIC,Standard Bic Mixed Colors 2.0,Standard Bic - Magenta,Toker Poker,"1 piece = 3.125""x1.75""x0.75"", 0.8 oz.
1 case = 9.5""x18""x16"", 27.5 lbs.",500 pieces,"Piece: RTL-01-A-US-ST-MG
Case: RTL-01-A-US-ST-MG-MC",,810108340133,,10810108340130,2.8, $10.99/unit ,Yes,$9.99,,See Standard Bic Magenta Photos HERE,,10.99,9.99,RTL-01-A-US-ST-MG,RTL-01-A-US-ST-MG-MC,BIC,Standard Bic Mixed Colors 2.0,Standard Bic - Magenta,BIC | Standard Bic Mixed Colors 2.0 | Standard Bic - Magenta,bic standard bic standard bic magenta,Alice in Wonderland - BIC,alice-wonderland-collection,https://tokerpoker.com/collections/shop-all/products/alice-wonderland-collection,100,Alice Bundle,44,https://cdn.shopify.com/s/files/1/2665/6390/files/CockPaw---revamp.jpg?v=1759356462,https://cdn.shopify.com/s/files/1/2665/6390/files/CockPaw---revamp.jpg?v=1759356462 | https://cdn.shopify.com/s/files/1/2665/6390/files/Aiw---5-Pack---REVAMP.jpg?v=1759356522 | https://cdn.shopify.com/s/files/1/2665/6390/files/HoneyHatter---revamp.jpg?v=1759356522 | https://cdn.shopify.com/s/files/1/2665/6390/files/SugarCube1---revmap.jpg?v=1759356522 | https://cdn.shopify.com/s/files/1/2665/6390/files/ClockMaw---revamp.jpg?v=1759356522 | https://cdn.shopify.com/s/files/1/2665/6390/files/RedQueen---revamp.jpg?v=1759356522,6,True,matched
BIC,Standard Bic Mixed Colors 2.0,Standard Bic - Yellow ,Toker Poker,"1 piece = 3.125""x1.75""x0.75"", 0.8 oz.
1 case = 9.5""x18""x16"", 27.5 lbs.",500 pieces,"Piece: RTL-01-A-US-ST-YL
Case: RTL-01-A-US-ST-YL-MC",,810108340164,,10810108340161,2.8, $10.99/unit ,Yes,$9.99,,See Standard Bic Yellow Photos HERE,,10.99,9.99,RTL-01-A-US-ST-YL,RTL-01-A-US-ST-YL-MC,BIC,Standard Bic Mixed Colors 2.0,Standard Bic - Yellow,BIC | Standard Bic Mixed Colors 2.0 | Standard Bic - Yellow,bic standard bic standard bic yellow,Alice in Wonderland - BIC,alice-wonderland-collection,https://tokerpoker.com/collections/shop-all/products/alice-wonderland-collection,100,Clockmaw,45,https://cdn.shopify.com/s/files/1/2665/6390/files/CockPaw---revamp.jpg?v=1759356462,https://cdn.shopify.com/s/files/1/2665/6390/files/CockPaw---revamp.jpg?v=1759356462 | https://cdn.shopify.com/s/files/1/2665/6390/files/Aiw---5-Pack---REVAMP.jpg?v=1759356522 | https://cdn.shopify.com/s/files/1/2665/6390/files/HoneyHatter---revamp.jpg?v=1759356522 | https://cdn.shopify.com/s/files/1/2665/6390/files/SugarCube1---revmap.jpg?v=1759356522 | https://cdn.shopify.com/s/files/1/2665/6390/files/ClockMaw---revamp.jpg?v=1759356522 | https://cdn.shopify.com/s/files/1/2665/6390/files/RedQueen---revamp.jpg?v=1759356522,6,True,matched
BIC,Standard Bic Mixed Colors 2.0,Standard Bic - Orange,Toker Poker,"1 piece = 3.125""x1.75""x0.75"", 0.8 oz.
1 case = 9.5""x18""x16"", 27.5 lbs.",500 pieces,"Piece: RTL-01-A-US-ST-OR
Case: RTL-01-A-US-ST-OR-MC",,810108340157,,10810108340154,2.8, $10.99/unit ,Yes,$9.99,,See Standard Bic Orange Photos HERE,,10.99,9.99,RTL-01-A-US-ST-OR,RTL-01-A-US-ST-OR-MC,BIC,Standard Bic Mixed Colors 2.0,Standard Bic - Orange,BIC | Standard Bic Mixed Colors 2.0 | Standard Bic - Orange,bic standard bic standard bic orange,Alice in Wonderland - BIC,alice-wonderland-collection,https://tokerpoker.com/collections/shop-all/products/alice-wonderland-collection,100,Alice Bundle,47,https://cdn.shopify.com/s/files/1/2665/6390/files/CockPaw---revamp.jpg?v=1759356462,https://cdn.shopify.com/s/files/1/2665/6390/files/CockPaw---revamp.jpg?v=1759356462 | https://cdn.shopify.com/s/files/1/2665/6390/files/Aiw---5-Pack---REVAMP.jpg?v=1759356522 | https://cdn.shopify.com/s/files/1/2665/6390/files/HoneyHatter---revamp.jpg?v=1759356522 | https://cdn.shopify.com/s/files/1/2665/6390/files/SugarCube1---revmap.jpg?v=1759356522 | https://cdn.shopify.com/s/files/1/2665/6390/files/ClockMaw---revamp.jpg?v=1759356522 | https://cdn.shopify.com/s/files/1/2665/6390/files/RedQueen---revamp.jpg?v=1759356522,6,True,matched
BIC,Alice in Wonderland Bic ,Alice in Wonderland Bic - Red Queen,Toker Poker,"1 piece = 3.125""x1.75""x0.75"", 0.8 oz.
1 case = 9.5""x18""x16"", 27.5 lbs.",500 pieces,"Piece: RTL-01-A-US-AW-RQ
Case: RTL-01-A-US-AW-RQ-MC",,810108340263,,10810108340260,4.2, $12.99/unit ,Yes,$13.99,,See Alice in Wonderland Bic Red Queen Photos HERE,,12.99,13.99,RTL-01-A-US-AW-RQ,RTL-01-A-US-AW-RQ-MC,BIC,Alice in Wonderland Bic,Alice in Wonderland Bic - Red Queen,BIC | Alice in Wonderland Bic | Alice in Wonderland Bic - Red Queen,bic alice in wonderland bic alice in wonderland bic red queen,Alice in Wonderland - BIC,alice-wonderland-collection,https://tokerpoker.com/collections/shop-all/products/alice-wonderland-collection,100,Red Queen,56,https://cdn.shopify.com/s/files/1/2665/6390/files/CockPaw---revamp.jpg?v=1759356462,https://cdn.shopify.com/s/files/1/2665/6390/files/CockPaw---revamp.jpg?v=1759356462 | https://cdn.shopify.com/s/files/1/2665/6390/files/Aiw---5-Pack---REVAMP.jpg?v=1759356522 | https://cdn.shopify.com/s/files/1/2665/6390/files/HoneyHatter---revamp.jpg?v=1759356522 | https://cdn.shopify.com/s/files/1/2665/6390/files/SugarCube1---revmap.jpg?v=1759356522 | https://cdn.shopify.com/s/files/1/2665/6390/files/ClockMaw---revamp.jpg?v=1759356522 | https://cdn.shopify.com/s/files/1/2665/6390/files/RedQueen---revamp.jpg?v=1759356522,6,True,matched
BIC,Alice in Wonderland Bic ,Alice in Wonderland Bic - Honey Hatter,Toker Poker,"1 piece = 3.125""x1.75""x0.75"", 0.8 oz.
1 case = 9.5""x18""x16"", 27.5 lbs.",500 pieces,"Piece: RTL-01-A-US-AW-HH
Case: RTL-01-A-US-AW-HH-MC",,810108340232,,10810108340239,4.2, $12.99/unit ,Yes,$13.99,,See Alice in Wonderland Bic Honey Hatter Photos HERE,,12.99,13.99,RTL-01-A-US-AW-HH,RTL-01-A-US-AW-HH-MC,BIC,Alice in Wonderland Bic,Alice in Wonderland Bic - Honey Hatter,BIC | Alice in Wonderland Bic | Alice in Wonderland Bic - Honey Hatter,bic alice in wonderland bic alice in wonderland bic honey hatter,Alice in Wonderland - BIC,alice-wonderland-collection,https://tokerpoker.com/collections/shop-all/products/alice-wonderland-collection,100,Honey Hatter,61,https://cdn.shopify.com/s/files/1/2665/6390/files/CockPaw---revamp.jpg?v=1759356462,https://cdn.shopify.com/s/files/1/2665/6390/files/CockPaw---revamp.jpg?v=1759356462 | https://cdn.shopify.com/s/files/1/2665/6390/files/Aiw---5-Pack---REVAMP.jpg?v=1759356522 | https://cdn.shopify.com/s/files/1/2665/6390/files/HoneyHatter---revamp.jpg?v=1759356522 | https://cdn.shopify.com/s/files/1/2665/6390/files/SugarCube1---revmap.jpg?v=1759356522 | https://cdn.shopify.com/s/files/1/2665/6390/files/ClockMaw---revamp.jpg?v=1759356522 | https://cdn.shopify.com/s/files/1/2665/6390/files/RedQueen---revamp.jpg?v=1759356522,6,True,matched
BIC,Alice in Wonderland Bic ,Alice in Wonderland Bic - Sugar Cube,Toker Poker,"1 piece = 3.125""x1.75""x0.75"", 0.8 oz.
1 case = 9.5""x18""x16"", 27.5 lbs.",500 pieces,"Piece: RTL-01-A-US-AW-SC
Case: RTL-01-A-US-AW-SC-MC",,810108340249,,10810108340246,4.2, $12.99/unit ,Yes,$13.99,,See Alice in Wonderland Bic Sugar Cube Photos HERE,,12.99,13.99,RTL-01-A-US-AW-SC,RTL-01-A-US-AW-SC-MC,BIC,Alice in Wonderland Bic,Alice in Wonderland Bic - Sugar Cube,BIC | Alice in Wonderland Bic | Alice in Wonderland Bic - Sugar Cube,bic alice in wonderland bic alice in wonderland bic sugar cube,Alice in Wonderland - BIC,alice-wonderland-collection,https://tokerpoker.com/collections/shop-all/products/alice-wonderland-collection,100,Sugar Cube,61,https://cdn.shopify.com/s/files/1/2665/6390/files/CockPaw---revamp.jpg?v=1759356462,https://cdn.shopify.com/s/files/1/2665/6390/files/CockPaw---revamp.jpg?v=1759356462 | https://cdn.shopify.com/s/files/1/2665/6390/files/Aiw---5-Pack---REVAMP.jpg?v=1759356522 | https://cdn.shopify.com/s/files/1/2665/6390/files/HoneyHatter---revamp.jpg?v=1759356522 | https://cdn.shopify.com/s/files/1/2665/6390/files/SugarCube1---revmap.jpg?v=1759356522 | https://cdn.shopify.com/s/files/1/2665/6390/files/ClockMaw---revamp.jpg?v=1759356522 | https://cdn.shopify.com/s/files/1/2665/6390/files/RedQueen---revamp.jpg?v=1759356522,6,True,matched
BIC,Alice in Wonderland Bic ,Alice in Wonderland Bic - Cockpaw,Toker Poker,"1 piece = 3.125""x1.75""x0.75"", 0.8 oz.
1 case = 9.5""x18""x16"", 27.5 lbs.",500 pieces,"Piece: RTL-01-A-US-AW-CP
Case: RTL-01-A-US-AW-CP-MC",,810108340225,,10810108340222,4.2, $12.99/unit ,Yes,$13.99,,See Alice in Wonderland Cockpaw Photos HERE,,12.99,13.99,RTL-01-A-US-AW-CP,RTL-01-A-US-AW-CP-MC,BIC,Alice in Wonderland Bic,Alice in Wonderland Bic - Cockpaw,BIC | Alice in Wonderland Bic | Alice in Wonderland Bic - Cockpaw,bic alice in wonderland bic alice in wonderland bic cockpaw,Alice in Wonderland - BIC,alice-wonderland-collection,https://tokerpoker.com/collections/shop-all/products/alice-wonderland-collection,100,Cockpaw,57,https://cdn.shopify.com/s/files/1/2665/6390/files/CockPaw---revamp.jpg?v=1759356462,https://cdn.shopify.com/s/files/1/2665/6390/files/CockPaw---revamp.jpg?v=1759356462 | https://cdn.shopify.com/s/files/1/2665/6390/files/Aiw---5-Pack---REVAMP.jpg?v=1759356522 | https://cdn.shopify.com/s/files/1/2665/6390/files/HoneyHatter---revamp.jpg?v=1759356522 | https://cdn.shopify.com/s/files/1/2665/6390/files/SugarCube1---revmap.jpg?v=1759356522 | https://cdn.shopify.com/s/files/1/2665/6390/files/ClockMaw---revamp.jpg?v=1759356522 | https://cdn.shopify.com/s/files/1/2665/6390/files/RedQueen---revamp.jpg?v=1759356522,6,True,matched
BIC,Alice in Wonderland Bic ,Alice in Wonderland Bic - Clockmaw,Toker Poker,"1 piece = 3.125""x1.75""x0.75"", 0.8 oz.
1 case = 9.5""x18""x16"", 27.5 lbs.",500 pieces,"Piece: RTL-01-A-US-AW-CL
Case: RTL-01-A-US-AW-CL-MC",,810108340256,,10810108340253,4.2, $12.99/unit ,Yes,$13.99,,See Alice in Wonderland Clockmaw Photos HERE,,12.99,13.99,RTL-01-A-US-AW-CL,RTL-01-A-US-AW-CL-MC,BIC,Alice in Wonderland Bic,Alice in Wonderland Bic - Clockmaw,BIC | Alice in Wonderland Bic | Alice in Wonderland Bic - Clockmaw,bic alice in wonderland bic alice in wonderland bic clockmaw,Alice in Wonderland - BIC,alice-wonderland-collection,https://tokerpoker.com/collections/shop-all/products/alice-wonderland-collection,100,Clockmaw,58,https://cdn.shopify.com/s/files/1/2665/6390/files/CockPaw---revamp.jpg?v=1759356462,https://cdn.shopify.com/s/files/1/2665/6390/files/CockPaw---revamp.jpg?v=1759356462 | https://cdn.shopify.com/s/files/1/2665/6390/files/Aiw---5-Pack---REVAMP.jpg?v=1759356522 | https://cdn.shopify.com/s/files/1/2665/6390/files/HoneyHatter---revamp.jpg?v=1759356522 | https://cdn.shopify.com/s/files/1/2665/6390/files/SugarCube1---revmap.jpg?v=1759356522 | https://cdn.shopify.com/s/files/1/2665/6390/files/ClockMaw---revamp.jpg?v=1759356522 | https://cdn.shopify.com/s/files/1/2665/6390/files/RedQueen---revamp.jpg?v=1759356522,6,True,matched
BIC,Soul Speakers Bic ,Soul Speakers Bic - Stay Positive ,Toker Poker,"1 piece = 3.125""x1.75""x0.75"", 0.8 oz.
1 case = 9.5""x18""x16"", 27.5 lbs.",500 pieces,"Piece: RTL-01-A-US-SS-SP
Case: RTL-01-A-US-SS-SP-MC",,810108340447,,10810108340444,4.2, $12.99/unit ,No,N/A,,See Soul Speakers Bic Stay Positive Photos HERE,,12.99,,RTL-01-A-US-SS-SP,RTL-01-A-US-SS-SP-MC,BIC,Soul Speakers Bic,Soul Speakers Bic - Stay Positive,BIC | Soul Speakers Bic | Soul Speakers Bic - Stay Positive,bic soul speakers bic soul speakers bic stay positive,Alice in Wonderland - BIC,alice-wonderland-collection,https://tokerpoker.com/collections/shop-all/products/alice-wonderland-collection,100,Alice Bundle,42,https://cdn.shopify.com/s/files/1/2665/6390/files/CockPaw---revamp.jpg?v=1759356462,https://cdn.shopify.com/s/files/1/2665/6390/files/CockPaw---revamp.jpg?v=1759356462 | https://cdn.shopify.com/s/files/1/2665/6390/files/Aiw---5-Pack---REVAMP.jpg?v=1759356522 | https://cdn.shopify.com/s/files/1/2665/6390/files/HoneyHatter---revamp.jpg?v=1759356522 | https://cdn.shopify.com/s/files/1/2665/6390/files/SugarCube1---revmap.jpg?v=1759356522 | https://cdn.shopify.com/s/files/1/2665/6390/files/ClockMaw---revamp.jpg?v=1759356522 | https://cdn.shopify.com/s/files/1/2665/6390/files/RedQueen---revamp.jpg?v=1759356522,6,True,matched
BIC,Soul Speakers Bic ,Soul Speakers Bic - Not Stoned Enough,Toker Poker,"1 piece = 3.125""x1.75""x0.75"", 0.8 oz.
1 case = 9.5""x18""x16"", 27.5 lbs.",500 pieces,"Piece: RTL-01-A-US-SS-NS
Case: RTL-01-A-US-SS-NS-MC",,810108340430,,10810108340437,4.2, $12.99/unit ,No,N/A,,See Soul Speakers Bic Not Stoned Enough Photos HERE,,12.99,,RTL-01-A-US-SS-NS,RTL-01-A-US-SS-NS-MC,BIC,Soul Speakers Bic,Soul Speakers Bic - Not Stoned Enough,BIC | Soul Speakers Bic | Soul Speakers Bic - Not Stoned Enough,bic soul speakers bic soul speakers bic not stoned enough,Alice in Wonderland - BIC,alice-wonderland-collection,https://tokerpoker.com/collections/shop-all/products/alice-wonderland-collection,100,Alice Bundle,42,https://cdn.shopify.com/s/files/1/2665/6390/files/CockPaw---revamp.jpg?v=1759356462,https://cdn.shopify.com/s/files/1/2665/6390/files/CockPaw---revamp.jpg?v=1759356462 | https://cdn.shopify.com/s/files/1/2665/6390/files/Aiw---5-Pack---REVAMP.jpg?v=1759356522 | https://cdn.shopify.com/s/files/1/2665/6390/files/HoneyHatter---revamp.jpg?v=1759356522 | https://cdn.shopify.com/s/files/1/2665/6390/files/SugarCube1---revmap.jpg?v=1759356522 | https://cdn.shopify.com/s/files/1/2665/6390/files/ClockMaw---revamp.jpg?v=1759356522 | https://cdn.shopify.com/s/files/1/2665/6390/files/RedQueen---revamp.jpg?v=1759356522,6,True,matched
BIC,Soul Speakers Bic ,Soul Speakers Bic - Lil Hippie,Toker Poker,"1 piece = 3.125""x1.75""x0.75"", 0.8 oz.
1 case = 9.5""x18""x16"", 27.5 lbs.",500 pieces,"Piece: RTL-01-A-US-SS-LH
Case: RTL-01-A-US-SS-LH-MC",,810108340423,,10810108340420,4.2, $12.99/unit ,No,N/A,,See Soul Speakers Bic Lil Hippie Photos HERE,,12.99,,RTL-01-A-US-SS-LH,RTL-01-A-US-SS-LH-MC,BIC,Soul Speakers Bic,Soul Speakers Bic - Lil Hippie,BIC | Soul Speakers Bic | Soul Speakers Bic - Lil Hippie,bic soul speakers bic soul speakers bic lil hippie,Alice in Wonderland - BIC,alice-wonderland-collection,https://tokerpoker.com/collections/shop-all/products/alice-wonderland-collection,100,Alice Bundle,42,https://cdn.shopify.com/s/files/1/2665/6390/files/CockPaw---revamp.jpg?v=1759356462,https://cdn.shopify.com/s/files/1/2665/6390/files/CockPaw---revamp.jpg?v=1759356462 | https://cdn.shopify.com/s/files/1/2665/6390/files/Aiw---5-Pack---REVAMP.jpg?v=1759356522 | https://cdn.shopify.com/s/files/1/2665/6390/files/HoneyHatter---revamp.jpg?v=1759356522 | https://cdn.shopify.com/s/files/1/2665/6390/files/SugarCube1---revmap.jpg?v=1759356522 | https://cdn.shopify.com/s/files/1/2665/6390/files/ClockMaw---revamp.jpg?v=1759356522 | https://cdn.shopify.com/s/files/1/2665/6390/files/RedQueen---revamp.jpg?v=1759356522,6,True,matched
BIC,Soul Speakers Bic ,Soul Speakers Bic - Smoke the Flowers,Toker Poker,"1 piece = 3.125""x1.75""x0.75"", 0.8 oz.
1 case = 9.5""x18""x16"", 27.5 lbs.",500 pieces,"Piece: RTL-01-A-US-SS-SF
Case: RTL-01-A-US-SS-SF-MC",,810108340416,,10810108340413,4.2, $12.99/unit ,No,N/A,,See Soul Speakers Bic Smoke the Flowers Photos HERE,,12.99,,RTL-01-A-US-SS-SF,RTL-01-A-US-SS-SF-MC,BIC,Soul Speakers Bic,Soul Speakers Bic - Smoke the Flowers,BIC | Soul Speakers Bic | Soul Speakers Bic - Smoke the Flowers,bic soul speakers bic soul speakers bic smoke the flowers,Alice in Wonderland - BIC,alice-wonderland-collection,https://tokerpoker.com/collections/shop-all/products/alice-wonderland-collection,100,Alice Bundle,42,https://cdn.shopify.com/s/files/1/2665/6390/files/CockPaw---revamp.jpg?v=1759356462,https://cdn.shopify.com/s/files/1/2665/6390/files/CockPaw---revamp.jpg?v=1759356462 | https://cdn.shopify.com/s/files/1/2665/6390/files/Aiw---5-Pack---REVAMP.jpg?v=1759356522 | https://cdn.shopify.com/s/files/1/2665/6390/files/HoneyHatter---revamp.jpg?v=1759356522 | https://cdn.shopify.com/s/files/1/2665/6390/files/SugarCube1---revmap.jpg?v=1759356522 | https://cdn.shopify.com/s/files/1/2665/6390/files/ClockMaw---revamp.jpg?v=1759356522 | https://cdn.shopify.com/s/files/1/2665/6390/files/RedQueen---revamp.jpg?v=1759356522,6,True,matched
BIC,Soul Speakers Bic ,Soul Speakers Bic - Stay Young,Toker Poker,"1 piece = 3.125""x1.75""x0.75"", 0.8 oz.
1 case = 9.5""x18""x16"", 27.5 lbs.",500 pieces,"Piece: RTL-01-A-US-SS-SY
Case: RTL-01-A-US-SS-SY-MC",,810108340409,,10810108340406,4.2, $12.99/unit ,No,N/A,,See Soul Speakers Bic Stay Young Photos HERE,,12.99,,RTL-01-A-US-SS-SY,RTL-01-A-US-SS-SY-MC,BIC,Soul Speakers Bic,Soul Speakers Bic - Stay Young,BIC | Soul Speakers Bic | Soul Speakers Bic - Stay Young,bic soul speakers bic soul speakers bic stay young,Alice in Wonderland - BIC,alice-wonderland-collection,https://tokerpoker.com/collections/shop-all/products/alice-wonderland-collection,100,Sugar Cube,44,https://cdn.shopify.com/s/files/1/2665/6390/files/CockPaw---revamp.jpg?v=1759356462,https://cdn.shopify.com/s/files/1/2665/6390/files/CockPaw---revamp.jpg?v=1759356462 | https://cdn.shopify.com/s/files/1/2665/6390/files/Aiw---5-Pack---REVAMP.jpg?v=1759356522 | https://cdn.shopify.com/s/files/1/2665/6390/files/HoneyHatter---revamp.jpg?v=1759356522 | https://cdn.shopify.com/s/files/1/2665/6390/files/SugarCube1---revmap.jpg?v=1759356522 | https://cdn.shopify.com/s/files/1/2665/6390/files/ClockMaw---revamp.jpg?v=1759356522 | https://cdn.shopify.com/s/files/1/2665/6390/files/RedQueen---revamp.jpg?v=1759356522,6,True,matched
BIC,Califari Strains Bic,Califari Strains Bic - Northern Lights ,Toker Poker,"1 piece = 3.125""x1.75""x0.75"", 0.8 oz.
1 case = 9.5""x18""x16"", 27.5 lbs.",500 pieces,"Piece: RTL-01-A-US-CF-NL
Case: RTL-01-A-US-CF-NL-MC",,810108341154,,10810108341151,4.2, $12.99/unit ,No,N/A,,See Califari Strains Bic Northern Lights Bic Photos HERE,,12.99,,RTL-01-A-US-CF-NL,RTL-01-A-US-CF-NL-MC,BIC,Califari Strains Bic,Califari Strains Bic - Northern Lights,BIC | Califari Strains Bic | Califari Strains Bic - Northern Lights,bic califari strains bic califari strains bic northern lights | califari strains bic | califari bic,Alice in Wonderland - BIC,alice-wonderland-collection,https://tokerpoker.com/collections/shop-all/products/alice-wonderland-collection,100,Cockpaw,43,https://cdn.shopify.com/s/files/1/2665/6390/files/CockPaw---revamp.jpg?v=1759356462,https://cdn.shopify.com/s/files/1/2665/6390/files/CockPaw---revamp.jpg?v=1759356462 | https://cdn.shopify.com/s/files/1/2665/6390/files/Aiw---5-Pack---REVAMP.jpg?v=1759356522 | https://cdn.shopify.com/s/files/1/2665/6390/files/HoneyHatter---revamp.jpg?v=1759356522 | https://cdn.shopify.com/s/files/1/2665/6390/files/SugarCube1---revmap.jpg?v=1759356522 | https://cdn.shopify.com/s/files/1/2665/6390/files/ClockMaw---revamp.jpg?v=1759356522 | https://cdn.shopify.com/s/files/1/2665/6390/files/RedQueen---revamp.jpg?v=1759356522,6,True,matched
BIC,Califari Strains Bic,Califari Strains Bic - GS Cookies,Toker Poker,"1 piece = 3.125""x1.75""x0.75"", 0.8 oz.
1 case = 9.5""x18""x16"", 27.5 lbs.",500 pieces,"Piece: RTL-01-A-US-CF-GC
Case: RTL-01-A-US-CF-GC-MC",,810108341147,,10810108341144,4.2, $12.99/unit ,No,N/A,,See Califari Strains Bic GS Cookies Photos HERE,,12.99,,RTL-01-A-US-CF-GC,RTL-01-A-US-CF-GC-MC,BIC,Califari Strains Bic,Califari Strains Bic - GS Cookies,BIC | Califari Strains Bic | Califari Strains Bic - GS Cookies,bic califari strains bic califari strains bic gs cookies | califari strains bic | califari bic,Alice in Wonderland - BIC,alice-wonderland-collection,https://tokerpoker.com/collections/shop-all/products/alice-wonderland-collection,100,Cockpaw,43,https://cdn.shopify.com/s/files/1/2665/6390/files/CockPaw---revamp.jpg?v=1759356462,https://cdn.shopify.com/s/files/1/2665/6390/files/CockPaw---revamp.jpg?v=1759356462 | https://cdn.shopify.com/s/files/1/2665/6390/files/Aiw---5-Pack---REVAMP.jpg?v=1759356522 | https://cdn.shopify.com/s/files/1/2665/6390/files/HoneyHatter---revamp.jpg?v=1759356522 | https://cdn.shopify.com/s/files/1/2665/6390/files/SugarCube1---revmap.jpg?v=1759356522 | https://cdn.shopify.com/s/files/1/2665/6390/files/ClockMaw---revamp.jpg?v=1759356522 | https://cdn.shopify.com/s/files/1/2665/6390/files/RedQueen---revamp.jpg?v=1759356522,6,True,matched
BIC,Califari Strains Bic,Califari Strains Bic - Sour Diesel,Toker Poker,"1 piece = 3.125""x1.75""x0.75"", 0.8 oz.
1 case = 9.5""x18""x16"", 27.5 lbs.",500 pieces,"Piece: RTL-01-A-US-CF-SD
Case: RTL-01-A-US-CF-SD-MC",,810108341161,,10810108341168,4.2, $12.99/unit ,No,N/A,,See Califari Strains Bic Sour Diesel Photos HERE,,12.99,,RTL-01-A-US-CF-SD,RTL-01-A-US-CF-SD-MC,BIC,Califari Strains Bic,Califari Strains Bic - Sour Diesel,BIC | Califari Strains Bic | Califari Strains Bic - Sour Diesel,bic califari strains bic califari strains bic sour diesel | califari strains bic | califari bic,Alice in Wonderland - BIC,alice-wonderland-collection,https://tokerpoker.com/collections/shop-all/products/alice-wonderland-collection,100,Sugar Cube,45,https://cdn.shopify.com/s/files/1/2665/6390/files/CockPaw---revamp.jpg?v=1759356462,https://cdn.shopify.com/s/files/1/2665/6390/files/CockPaw---revamp.jpg?v=1759356462 | https://cdn.shopify.com/s/files/1/2665/6390/files/Aiw---5-Pack---REVAMP.jpg?v=1759356522 | https://cdn.shopify.com/s/files/1/2665/6390/files/HoneyHatter---revamp.jpg?v=1759356522 | https://cdn.shopify.com/s/files/1/2665/6390/files/SugarCube1---revmap.jpg?v=1759356522 | https://cdn.shopify.com/s/files/1/2665/6390/files/ClockMaw---revamp.jpg?v=1759356522 | https://cdn.shopify.com/s/files/1/2665/6390/files/RedQueen---revamp.jpg?v=1759356522,6,True,matched
BIC,Califari Strains Bic,Califari Strains Bic - Grand Daddy Purple,Toker Poker,"1 piece = 3.125""x1.75""x0.75"", 0.8 oz.
1 case = 9.5""x18""x16"", 27.5 lbs.",500 pieces,"Piece: RTL-01-A-US-CF-GP
Case: RTL-01-A-US-GP-MC",,810108341123,,10810108341120,4.2, $12.99/unit ,No,N/A,,See Califari Strains Bic Grand Daddy Purple Photos HERE,,12.99,,RTL-01-A-US-CF-GP,RTL-01-A-US-GP-MC,BIC,Califari Strains Bic,Califari Strains Bic - Grand Daddy Purple,BIC | Califari Strains Bic | Califari Strains Bic - Grand Daddy Purple,bic califari strains bic califari strains bic grand daddy purple | califari strains bic | califari bic,Alice in Wonderland - BIC,alice-wonderland-collection,https://tokerpoker.com/collections/shop-all/products/alice-wonderland-collection,100,Alice Bundle,45,https://cdn.shopify.com/s/files/1/2665/6390/files/CockPaw---revamp.jpg?v=1759356462,https://cdn.shopify.com/s/files/1/2665/6390/files/CockPaw---revamp.jpg?v=1759356462 | https://cdn.shopify.com/s/files/1/2665/6390/files/Aiw---5-Pack---REVAMP.jpg?v=1759356522 | https://cdn.shopify.com/s/files/1/2665/6390/files/HoneyHatter---revamp.jpg?v=1759356522 | https://cdn.shopify.com/s/files/1/2665/6390/files/SugarCube1---revmap.jpg?v=1759356522 | https://cdn.shopify.com/s/files/1/2665/6390/files/ClockMaw---revamp.jpg?v=1759356522 | https://cdn.shopify.com/s/files/1/2665/6390/files/RedQueen---revamp.jpg?v=1759356522,6,True,matched
BIC,Califari Strains Bic,Califari Strains Bic - Pineapple Express,Toker Poker,"1 piece = 3.125""x1.75""x0.75"", 0.8 oz.
1 case = 9.5""x18""x16"", 27.5 lbs.",500 pieces,"Piece: RTL-01-A-US-CF-PE
Case: RTL-01-A-US-CF-PE-MC",,810108341130,,10810108341137,4.2, $12.99/unit ,No,N/A,,See Califari Strains Bic Pineapple Express Photos HERE,,12.99,,RTL-01-A-US-CF-PE,RTL-01-A-US-CF-PE-MC,BIC,Califari Strains Bic,Califari Strains Bic - Pineapple Express,BIC | Califari Strains Bic | Califari Strains Bic - Pineapple Express,bic califari strains bic califari strains bic pineapple express | califari strains bic | califari bic,Alice in Wonderland - BIC,alice-wonderland-collection,https://tokerpoker.com/collections/shop-all/products/alice-wonderland-collection,100,Cockpaw,43,https://cdn.shopify.com/s/files/1/2665/6390/files/CockPaw---revamp.jpg?v=1759356462,https://cdn.shopify.com/s/files/1/2665/6390/files/CockPaw---revamp.jpg?v=1759356462 | https://cdn.shopify.com/s/files/1/2665/6390/files/Aiw---5-Pack---REVAMP.jpg?v=1759356522 | https://cdn.shopify.com/s/files/1/2665/6390/files/HoneyHatter---revamp.jpg?v=1759356522 | https://cdn.shopify.com/s/files/1/2665/6390/files/SugarCube1---revmap.jpg?v=1759356522 | https://cdn.shopify.com/s/files/1/2665/6390/files/ClockMaw---revamp.jpg?v=1759356522 | https://cdn.shopify.com/s/files/1/2665/6390/files/RedQueen---revamp.jpg?v=1759356522,6,True,matched
BIC,Shroomies Bic ,Shroomies Bic - Double Dose,Toker Poker,"1 piece = 3.125""x1.75""x0.75"", 0.8 oz.
1 case = 9.5""x18""x16"", 27.5 lbs.",500 pieces,"Piece: RTL-01-A-US-SH-DD
Case: RTL-01-A-US-SH-DD-MC",,810108341420,,10810108341427,4.2, $12.99/unit ,"Yes: US
No: Canada",N/A,,,,12.99,,RTL-01-A-US-SH-DD,RTL-01-A-US-SH-DD-MC,BIC,Shroomies Bic,Shroomies Bic - Double Dose,BIC | Shroomies Bic | Shroomies Bic - Double Dose,bic shroomies bic shroomies bic double dose,Alice in Wonderland - BIC,alice-wonderland-collection,https://tokerpoker.com/collections/shop-all/products/alice-wonderland-collection,100,Sugar Cube,44,https://cdn.shopify.com/s/files/1/2665/6390/files/CockPaw---revamp.jpg?v=1759356462,https://cdn.shopify.com/s/files/1/2665/6390/files/CockPaw---revamp.jpg?v=1759356462 | https://cdn.shopify.com/s/files/1/2665/6390/files/Aiw---5-Pack---REVAMP.jpg?v=1759356522 | https://cdn.shopify.com/s/files/1/2665/6390/files/HoneyHatter---revamp.jpg?v=1759356522 | https://cdn.shopify.com/s/files/1/2665/6390/files/SugarCube1---revmap.jpg?v=1759356522 | https://cdn.shopify.com/s/files/1/2665/6390/files/ClockMaw---revamp.jpg?v=1759356522 | https://cdn.shopify.com/s/files/1/2665/6390/files/RedQueen---revamp.jpg?v=1759356522,6,True,matched
BIC,Shroomies Bic ,Shroomies Bic - Night Trippin,Toker Poker,"1 piece = 3.125""x1.75""x0.75"", 0.8 oz.
1 case = 9.5""x18""x16"", 27.5 lbs.",500 pieces,"Piece: RTL-01-A-US-SH-NT
Case: RTL-01-A-US-SH-NT-MC",,810108341437,,10810108341434,4.2, $12.99/unit ,Yes,$13.99,,,,12.99,13.99,RTL-01-A-US-SH-NT,RTL-01-A-US-SH-NT-MC,BIC,Shroomies Bic,Shroomies Bic - Night Trippin,BIC | Shroomies Bic | Shroomies Bic - Night Trippin,bic shroomies bic shroomies bic night trippin,Alice in Wonderland - BIC,alice-wonderland-collection,https://tokerpoker.com/collections/shop-all/products/alice-wonderland-collection,100,Honey Hatter,41,https://cdn.shopify.com/s/files/1/2665/6390/files/CockPaw---revamp.jpg?v=1759356462,https://cdn.shopify.com/s/files/1/2665/6390/files/CockPaw---revamp.jpg?v=1759356462 | https://cdn.shopify.com/s/files/1/2665/6390/files/Aiw---5-Pack---REVAMP.jpg?v=1759356522 | https://cdn.shopify.com/s/files/1/2665/6390/files/HoneyHatter---revamp.jpg?v=1759356522 | https://cdn.shopify.com/s/files/1/2665/6390/files/SugarCube1---revmap.jpg?v=1759356522 | https://cdn.shopify.com/s/files/1/2665/6390/files/ClockMaw---revamp.jpg?v=1759356522 | https://cdn.shopify.com/s/files/1/2665/6390/files/RedQueen---revamp.jpg?v=1759356522,6,True,matched
BIC,Shroomies Bic ,Shroomies Bic - Fun Guy,Toker Poker,"1 piece = 3.125""x1.75""x0.75"", 0.8 oz.
1 case = 9.5""x18""x16"", 27.5 lbs.",500 pieces,"Piece: RTL-01-A-US-SH-FG
Case: RTL-01-A-US-SH-FG-MC",,810108341468,,10810108341465,4.2, $12.99/unit ,Yes,$13.99,,,,12.99,13.99,RTL-01-A-US-SH-FG,RTL-01-A-US-SH-FG-MC,BIC,Shroomies Bic,Shroomies Bic - Fun Guy,BIC | Shroomies Bic | Shroomies Bic - Fun Guy,bic shroomies bic shroomies bic fun guy,Alice in Wonderland - BIC,alice-wonderland-collection,https://tokerpoker.com/collections/shop-all/products/alice-wonderland-collection,100,Alice Bundle,41,https://cdn.shopify.com/s/files/1/2665/6390/files/CockPaw---revamp.jpg?v=1759356462,https://cdn.shopify.com/s/files/1/2665/6390/files/CockPaw---revamp.jpg?v=1759356462 | https://cdn.shopify.com/s/files/1/2665/6390/files/Aiw---5-Pack---REVAMP.jpg?v=1759356522 | https://cdn.shopify.com/s/files/1/2665/6390/files/HoneyHatter---revamp.jpg?v=1759356522 | https://cdn.shopify.com/s/files/1/2665/6390/files/SugarCube1---revmap.jpg?v=1759356522 | https://cdn.shopify.com/s/files/1/2665/6390/files/ClockMaw---revamp.jpg?v=1759356522 | https://cdn.shopify.com/s/files/1/2665/6390/files/RedQueen---revamp.jpg?v=1759356522,6,True,matched
BIC,Shroomies Bic ,Shroomies Bic - Golden Teacher,Toker Poker,"1 piece = 3.125""x1.75""x0.75"", 0.8 oz.
1 case = 9.5""x18""x16"", 27.5 lbs.",500 pieces,"Piece: RTL-01-A-US-SHGT
Case: RTL-01-A-US-SH-GT-MC",,810108341444,,10810108341441,4.2, $12.99/unit ,Yes,$13.99,,,,12.99,13.99,RTL-01-A-US-SHGT,RTL-01-A-US-SH-GT-MC,BIC,Shroomies Bic,Shroomies Bic - Golden Teacher,BIC | Shroomies Bic | Shroomies Bic - Golden Teacher,bic shroomies bic shroomies bic golden teacher,Alice in Wonderland - BIC,alice-wonderland-collection,https://tokerpoker.com/collections/shop-all/products/alice-wonderland-collection,100,Honey Hatter,38,https://cdn.shopify.com/s/files/1/2665/6390/files/CockPaw---revamp.jpg?v=1759356462,https://cdn.shopify.com/s/files/1/2665/6390/files/CockPaw---revamp.jpg?v=1759356462 | https://cdn.shopify.com/s/files/1/2665/6390/files/Aiw---5-Pack---REVAMP.jpg?v=1759356522 | https://cdn.shopify.com/s/files/1/2665/6390/files/HoneyHatter---revamp.jpg?v=1759356522 | https://cdn.shopify.com/s/files/1/2665/6390/files/SugarCube1---revmap.jpg?v=1759356522 | https://cdn.shopify.com/s/files/1/2665/6390/files/ClockMaw---revamp.jpg?v=1759356522 | https://cdn.shopify.com/s/files/1/2665/6390/files/RedQueen---revamp.jpg?v=1759356522,6,True,matched
BIC,Shroomies Bic ,Shroomies Bic - Toadstool,Toker Poker,"1 piece = 3.125""x1.75""x0.75"", 0.8 oz.
1 case = 9.5""x18""x16"", 27.5 lbs.",500 pieces,"Piece: RTL-01-A-US-SH-TS
Case: RTL-01-A-US-SH-TS-MC",,810108341451,,10810108341458,4.2, $12.99/unit ,"Yes: US
No: Canada",N/A,,,,12.99,,RTL-01-A-US-SH-TS,RTL-01-A-US-SH-TS-MC,BIC,Shroomies Bic,Shroomies Bic - Toadstool,BIC | Shroomies Bic | Shroomies Bic - Toadstool,bic shroomies bic shroomies bic toadstool,Alice in Wonderland - BIC,alice-wonderland-collection,https://tokerpoker.com/collections/shop-all/products/alice-wonderland-collection,100,Honey Hatter,37,https://cdn.shopify.com/s/files/1/2665/6390/files/CockPaw---revamp.jpg?v=1759356462,https://cdn.shopify.com/s/files/1/2665/6390/files/CockPaw---revamp.jpg?v=1759356462 | https://cdn.shopify.com/s/files/1/2665/6390/files/Aiw---5-Pack---REVAMP.jpg?v=1759356522 | https://cdn.shopify.com/s/files/1/2665/6390/files/HoneyHatter---revamp.jpg?v=1759356522 | https://cdn.shopify.com/s/files/1/2665/6390/files/SugarCube1---revmap.jpg?v=1759356522 | https://cdn.shopify.com/s/files/1/2665/6390/files/ClockMaw---revamp.jpg?v=1759356522 | https://cdn.shopify.com/s/files/1/2665/6390/files/RedQueen---revamp.jpg?v=1759356522,6,True,matched
BIC,Four Twenty Bic ,Four Twenty Bic - Beach Dance,Toker Poker,"1 piece = 3.125""x1.75""x0.75"", 0.8 oz.
1 case = 9.5""x18""x16"", 27.5 lbs.",500 pieces,"Piece: RTL-01-A-US-FT-BD
Case: RTL-01-A-US-FT-BD-MC",,810108341475,,10810108341472,4.2, $12.99/unit ,No,N/A,,,,12.99,,RTL-01-A-US-FT-BD,RTL-01-A-US-FT-BD-MC,BIC,Four Twenty Bic,Four Twenty Bic - Beach Dance,BIC | Four Twenty Bic | Four Twenty Bic - Beach Dance,bic four twenty bic four twenty bic beach dance,Alice in Wonderland - BIC,alice-wonderland-collection,https://tokerpoker.com/collections/shop-all/products/alice-wonderland-collection,100,Sugar Cube,43,https://cdn.shopify.com/s/files/1/2665/6390/files/CockPaw---revamp.jpg?v=1759356462,https://cdn.shopify.com/s/files/1/2665/6390/files/CockPaw---revamp.jpg?v=1759356462 | https://cdn.shopify.com/s/files/1/2665/6390/files/Aiw---5-Pack---REVAMP.jpg?v=1759356522 | https://cdn.shopify.com/s/files/1/2665/6390/files/HoneyHatter---revamp.jpg?v=1759356522 | https://cdn.shopify.com/s/files/1/2665/6390/files/SugarCube1---revmap.jpg?v=1759356522 | https://cdn.shopify.com/s/files/1/2665/6390/files/ClockMaw---revamp.jpg?v=1759356522 | https://cdn.shopify.com/s/files/1/2665/6390/files/RedQueen---revamp.jpg?v=1759356522,6,True,matched
BIC,Four Twenty Bic ,Four Twenty Bic - Electric Haze,Toker Poker,"1 piece = 3.125""x1.75""x0.75"", 0.8 oz.
1 case = 9.5""x18""x16"", 27.5 lbs.",500 pieces,"Piece: RTL-01-A-US-FT-EH
Case: RTL-01-A-US-FT-EH-MC",,810108341482,,10810108341489,4.2, $12.99/unit ,No,N/A,,,,12.99,,RTL-01-A-US-FT-EH,RTL-01-A-US-FT-EH-MC,BIC,Four Twenty Bic,Four Twenty Bic - Electric Haze,BIC | Four Twenty Bic | Four Twenty Bic - Electric Haze,bic four twenty bic four twenty bic electric haze,Alice in Wonderland - BIC,alice-wonderland-collection,https://tokerpoker.com/collections/shop-all/products/alice-wonderland-collection,100,Alice Bundle,42,https://cdn.shopify.com/s/files/1/2665/6390/files/CockPaw---revamp.jpg?v=1759356462,https://cdn.shopify.com/s/files/1/2665/6390/files/CockPaw---revamp.jpg?v=1759356462 | https://cdn.shopify.com/s/files/1/2665/6390/files/Aiw---5-Pack---REVAMP.jpg?v=1759356522 | https://cdn.shopify.com/s/files/1/2665/6390/files/HoneyHatter---revamp.jpg?v=1759356522 | https://cdn.shopify.com/s/files/1/2665/6390/files/SugarCube1---revmap.jpg?v=1759356522 | https://cdn.shopify.com/s/files/1/2665/6390/files/ClockMaw---revamp.jpg?v=1759356522 | https://cdn.shopify.com/s/files/1/2665/6390/files/RedQueen---revamp.jpg?v=1759356522,6,True,matched
BIC,Four Twenty Bic ,Four Twenty Bic - Rasta,Toker Poker,"1 piece = 3.125""x1.75""x0.75"", 0.8 oz.
1 case = 9.5""x18""x16"", 27.5 lbs.",500 pieces,"Piece: RTL-01-A-US-FT-RA
Case: RTL-01-A-US-FT-RA-MC",,810108341499,,10810108341496,4.2, $12.99/unit ,No,N/A,,,,12.99,,RTL-01-A-US-FT-RA,RTL-01-A-US-FT-RA-MC,BIC,Four Twenty Bic,Four Twenty Bic - Rasta,BIC | Four Twenty Bic | Four Twenty Bic - Rasta,bic four twenty bic four twenty bic rasta,Alice in Wonderland - BIC,alice-wonderland-collection,https://tokerpoker.com/collections/shop-all/products/alice-wonderland-collection,100,Honey Hatter,42,https://cdn.shopify.com/s/files/1/2665/6390/files/CockPaw---revamp.jpg?v=1759356462,https://cdn.shopify.com/s/files/1/2665/6390/files/CockPaw---revamp.jpg?v=1759356462 | https://cdn.shopify.com/s/files/1/2665/6390/files/Aiw---5-Pack---REVAMP.jpg?v=1759356522 | https://cdn.shopify.com/s/files/1/2665/6390/files/HoneyHatter---revamp.jpg?v=1759356522 | https://cdn.shopify.com/s/files/1/2665/6390/files/SugarCube1---revmap.jpg?v=1759356522 | https://cdn.shopify.com/s/files/1/2665/6390/files/ClockMaw---revamp.jpg?v=1759356522 | https://cdn.shopify.com/s/files/1/2665/6390/files/RedQueen---revamp.jpg?v=1759356522,6,True,matched
BIC,Four Twenty Bic ,Four Twenty Bic - Tropical Groove,Toker Poker,"1 piece = 3.125""x1.75""x0.75"", 0.8 oz.
1 case = 9.5""x18""x16"", 27.5 lbs.",500 pieces,"Piece: RTL-01-A-US-FT-TG
Case: RTL-01-A-US-FT-TG-MC",,810108341512,,10810108341519,4.2, $12.99/unit ,No,N/A,,,,12.99,,RTL-01-A-US-FT-TG,RTL-01-A-US-FT-TG-MC,BIC,Four Twenty Bic,Four Twenty Bic - Tropical Groove,BIC | Four Twenty Bic | Four Twenty Bic - Tropical Groove,bic four twenty bic four twenty bic tropical groove,Alice in Wonderland - BIC,alice-wonderland-collection,https://tokerpoker.com/collections/shop-all/products/alice-wonderland-collection,100,Cockpaw,39,https://cdn.shopify.com/s/files/1/2665/6390/files/CockPaw---revamp.jpg?v=1759356462,https://cdn.shopify.com/s/files/1/2665/6390/files/CockPaw---revamp.jpg?v=1759356462 | https://cdn.shopify.com/s/files/1/2665/6390/files/Aiw---5-Pack---REVAMP.jpg?v=1759356522 | https://cdn.shopify.com/s/files/1/2665/6390/files/HoneyHatter---revamp.jpg?v=1759356522 | https://cdn.shopify.com/s/files/1/2665/6390/files/SugarCube1---revmap.jpg?v=1759356522 | https://cdn.shopify.com/s/files/1/2665/6390/files/ClockMaw---revamp.jpg?v=1759356522 | https://cdn.shopify.com/s/files/1/2665/6390/files/RedQueen---revamp.jpg?v=1759356522,6,True,matched
BIC,Four Twenty Bic ,Four Twenty Bic - Wild,Toker Poker,"1 piece = 3.125""x1.75""x0.75"", 0.8 oz.
1 case = 9.5""x18""x16"", 27.5 lbs.",500 pieces,"Piece: RTL-01-A-US-FT-WD
Case: RTL-01-A-US-FT-WD-MC",,810108341505,,10810108341502,4.2, $12.99/unit ,No,N/A,,,,12.99,,RTL-01-A-US-FT-WD,RTL-01-A-US-FT-WD-MC,BIC,Four Twenty Bic,Four Twenty Bic - Wild,BIC | Four Twenty Bic | Four Twenty Bic - Wild,bic four twenty bic four twenty bic wild,Alice in Wonderland - BIC,alice-wonderland-collection,https://tokerpoker.com/collections/shop-all/products/alice-wonderland-collection,100,Alice Bundle,40,https://cdn.shopify.com/s/files/1/2665/6390/files/CockPaw---revamp.jpg?v=1759356462,https://cdn.shopify.com/s/files/1/2665/6390/files/CockPaw---revamp.jpg?v=1759356462 | https://cdn.shopify.com/s/files/1/2665/6390/files/Aiw---5-Pack---REVAMP.jpg?v=1759356522 | https://cdn.shopify.com/s/files/1/2665/6390/files/HoneyHatter---revamp.jpg?v=1759356522 | https://cdn.shopify.com/s/files/1/2665/6390/files/SugarCube1---revmap.jpg?v=1759356522 | https://cdn.shopify.com/s/files/1/2665/6390/files/ClockMaw---revamp.jpg?v=1759356522 | https://cdn.shopify.com/s/files/1/2665/6390/files/RedQueen---revamp.jpg?v=1759356522,6,True,matched
BIC,Trippy Hippy Bic ,Trippy Hippy Bic - Happy Hippy,Toker Poker,"1 piece = 3.125""x1.75""x0.75"", 0.8 oz.
1 case = 9.5""x18""x16"", 27.5 lbs.",500 pieces,"Piece: RTL-01-A-US-TH-HH
Case: RTL-01-A-US-TH-HH-MC",,810108341376,,10810108341373,4.2, $12.99/unit ,Yes,$13.99,,,,12.99,13.99,RTL-01-A-US-TH-HH,RTL-01-A-US-TH-HH-MC,BIC,Trippy Hippy Bic,Trippy Hippy Bic - Happy Hippy,BIC | Trippy Hippy Bic | Trippy Hippy Bic - Happy Hippy,bic trippy hippy bic trippy hippy bic happy hippy,Alice in Wonderland - BIC,alice-wonderland-collection,https://tokerpoker.com/collections/shop-all/products/alice-wonderland-collection,100,Honey Hatter,32,https://cdn.shopify.com/s/files/1/2665/6390/files/CockPaw---revamp.jpg?v=1759356462,https://cdn.shopify.com/s/files/1/2665/6390/files/CockPaw---revamp.jpg?v=1759356462 | https://cdn.shopify.com/s/files/1/2665/6390/files/Aiw---5-Pack---REVAMP.jpg?v=1759356522 | https://cdn.shopify.com/s/files/1/2665/6390/files/HoneyHatter---revamp.jpg?v=1759356522 | https://cdn.shopify.com/s/files/1/2665/6390/files/SugarCube1---revmap.jpg?v=1759356522 | https://cdn.shopify.com/s/files/1/2665/6390/files/ClockMaw---revamp.jpg?v=1759356522 | https://cdn.shopify.com/s/files/1/2665/6390/files/RedQueen---revamp.jpg?v=1759356522,6,True,matched
BIC,Trippy Hippy Bic ,Trippy Hippy Bic - Road Trip,Toker Poker,"1 piece = 3.125""x1.75""x0.75"", 0.8 oz.
1 case = 9.5""x18""x16"", 27.5 lbs.",500 pieces,"Piece: RTL-01-A-US-TH-RT
Case: RTL-01-A-US-TH-RT-MC",,810108341390,,10810108341397,4.2, $12.99/unit ,No,N/A,,,,12.99,,RTL-01-A-US-TH-RT,RTL-01-A-US-TH-RT-MC,BIC,Trippy Hippy Bic,Trippy Hippy Bic - Road Trip,BIC | Trippy Hippy Bic | Trippy Hippy Bic - Road Trip,bic trippy hippy bic trippy hippy bic road trip,Alice in Wonderland - BIC,alice-wonderland-collection,https://tokerpoker.com/collections/shop-all/products/alice-wonderland-collection,100,Honey Hatter,35,https://cdn.shopify.com/s/files/1/2665/6390/files/CockPaw---revamp.jpg?v=1759356462,https://cdn.shopify.com/s/files/1/2665/6390/files/CockPaw---revamp.jpg?v=1759356462 | https://cdn.shopify.com/s/files/1/2665/6390/files/Aiw---5-Pack---REVAMP.jpg?v=1759356522 | https://cdn.shopify.com/s/files/1/2665/6390/files/HoneyHatter---revamp.jpg?v=1759356522 | https://cdn.shopify.com/s/files/1/2665/6390/files/SugarCube1---revmap.jpg?v=1759356522 | https://cdn.shopify.com/s/files/1/2665/6390/files/ClockMaw---revamp.jpg?v=1759356522 | https://cdn.shopify.com/s/files/1/2665/6390/files/RedQueen---revamp.jpg?v=1759356522,6,True,matched
BIC,Trippy Hippy Bic ,Trippy Hippy Bic - Van Life,Toker Poker,"1 piece = 3.125""x1.75""x0.75"", 0.8 oz.
1 case = 9.5""x18""x16"", 27.5 lbs.",500 pieces,"Piece: RTL-01-A-US-TH-RT
Case: RTL-01-A-US-TH-RT-MC",,810108342267,x,x,4.2, $12.99/unit ,Yes,$13.99,,,,12.99,13.99,RTL-01-A-US-TH-RT,RTL-01-A-US-TH-RT-MC,BIC,Trippy Hippy Bic,Trippy Hippy Bic - Van Life,BIC | Trippy Hippy Bic | Trippy Hippy Bic - Van Life,bic trippy hippy bic trippy hippy bic van life,Alice in Wonderland - BIC,alice-wonderland-collection,https://tokerpoker.com/collections/shop-all/products/alice-wonderland-collection,100,Alice Bundle,40,https://cdn.shopify.com/s/files/1/2665/6390/files/CockPaw---revamp.jpg?v=1759356462,https://cdn.shopify.com/s/files/1/2665/6390/files/CockPaw---revamp.jpg?v=1759356462 | https://cdn.shopify.com/s/files/1/2665/6390/files/Aiw---5-Pack---REVAMP.jpg?v=1759356522 | https://cdn.shopify.com/s/files/1/2665/6390/files/HoneyHatter---revamp.jpg?v=1759356522 | https://cdn.shopify.com/s/files/1/2665/6390/files/SugarCube1---revmap.jpg?v=1759356522 | https://cdn.shopify.com/s/files/1/2665/6390/files/ClockMaw---revamp.jpg?v=1759356522 | https://cdn.shopify.com/s/files/1/2665/6390/files/RedQueen---revamp.jpg?v=1759356522,6,True,matched
BIC,Trippy Hippy Bic ,Trippy Hippy Bic - Leafy,Toker Poker,"1 piece = 3.125""x1.75""x0.75"", 0.8 oz.
1 case = 9.5""x18""x16"", 27.5 lbs.",500 pieces,"Piece: RTL-01-A-US-TH-LF
Case: RTL-01-A-US-TH-LF-MC",,810108341406,,10810108341403,4.2, $12.99/unit ,Yes,$13.99,,,,12.99,13.99,RTL-01-A-US-TH-LF,RTL-01-A-US-TH-LF-MC,BIC,Trippy Hippy Bic,Trippy Hippy Bic - Leafy,BIC | Trippy Hippy Bic | Trippy Hippy Bic - Leafy,bic trippy hippy bic trippy hippy bic leafy,Alice in Wonderland - BIC,alice-wonderland-collection,https://tokerpoker.com/collections/shop-all/products/alice-wonderland-collection,100,Alice Bundle,37,https://cdn.shopify.com/s/files/1/2665/6390/files/CockPaw---revamp.jpg?v=1759356462,https://cdn.shopify.com/s/files/1/2665/6390/files/CockPaw---revamp.jpg?v=1759356462 | https://cdn.shopify.com/s/files/1/2665/6390/files/Aiw---5-Pack---REVAMP.jpg?v=1759356522 | https://cdn.shopify.com/s/files/1/2665/6390/files/HoneyHatter---revamp.jpg?v=1759356522 | https://cdn.shopify.com/s/files/1/2665/6390/files/SugarCube1---revmap.jpg?v=1759356522 | https://cdn.shopify.com/s/files/1/2665/6390/files/ClockMaw---revamp.jpg?v=1759356522 | https://cdn.shopify.com/s/files/1/2665/6390/files/RedQueen---revamp.jpg?v=1759356522,6,True,matched
BIC,Trippy Hippy Bic ,Trippy Hippy Bic - Tie Dye,Toker Poker,"1 piece = 3.125""x1.75""x0.75"", 0.8 oz.
1 case = 9.5""x18""x16"", 27.5 lbs.",500 pieces,"Piece: RTL-01-A-US-TH-TD
Case: RTL-01-A-US-TH-TD-MC",,810108341413,,10810108341410,4.2, $12.99/unit ,Yes,$13.99,,,,12.99,13.99,RTL-01-A-US-TH-TD,RTL-01-A-US-TH-TD-MC,BIC,Trippy Hippy Bic,Trippy Hippy Bic - Tie Dye,BIC | Trippy Hippy Bic | Trippy Hippy Bic - Tie Dye,bic trippy hippy bic trippy hippy bic tie dye,Alice in Wonderland - BIC,alice-wonderland-collection,https://tokerpoker.com/collections/shop-all/products/alice-wonderland-collection,100,Alice Bundle,40,https://cdn.shopify.com/s/files/1/2665/6390/files/CockPaw---revamp.jpg?v=1759356462,https://cdn.shopify.com/s/files/1/2665/6390/files/CockPaw---revamp.jpg?v=1759356462 | https://cdn.shopify.com/s/files/1/2665/6390/files/Aiw---5-Pack---REVAMP.jpg?v=1759356522 | https://cdn.shopify.com/s/files/1/2665/6390/files/HoneyHatter---revamp.jpg?v=1759356522 | https://cdn.shopify.com/s/files/1/2665/6390/files/SugarCube1---revmap.jpg?v=1759356522 | https://cdn.shopify.com/s/files/1/2665/6390/files/ClockMaw---revamp.jpg?v=1759356522 | https://cdn.shopify.com/s/files/1/2665/6390/files/RedQueen---revamp.jpg?v=1759356522,6,True,matched
BIC,Trippy Hippy Bic ,Trippy Hippy Bic - Peace of Life,Toker Poker,"1 piece = 3.125""x1.75""x0.75"", 0.8 oz.
1 case = 9.5""x18""x16"", 27.5 lbs.",500 pieces,"Piece: RTL-01-A-US-TH-PL
Case: RTL-01-A-US-TH-PL-MC",,810108341383,,10810108341380,4.2, $12.99/unit ,Yes,$13.99,,,,12.99,13.99,RTL-01-A-US-TH-PL,RTL-01-A-US-TH-PL-MC,BIC,Trippy Hippy Bic,Trippy Hippy Bic - Peace of Life,BIC | Trippy Hippy Bic | Trippy Hippy Bic - Peace of Life,bic trippy hippy bic trippy hippy bic peace of life,Alice in Wonderland - BIC,alice-wonderland-collection,https://tokerpoker.com/collections/shop-all/products/alice-wonderland-collection,100,Alice Bundle,39,https://cdn.shopify.com/s/files/1/2665/6390/files/CockPaw---revamp.jpg?v=1759356462,https://cdn.shopify.com/s/files/1/2665/6390/files/CockPaw---revamp.jpg?v=1759356462 | https://cdn.shopify.com/s/files/1/2665/6390/files/Aiw---5-Pack---REVAMP.jpg?v=1759356522 | https://cdn.shopify.com/s/files/1/2665/6390/files/HoneyHatter---revamp.jpg?v=1759356522 | https://cdn.shopify.com/s/files/1/2665/6390/files/SugarCube1---revmap.jpg?v=1759356522 | https://cdn.shopify.com/s/files/1/2665/6390/files/ClockMaw---revamp.jpg?v=1759356522 | https://cdn.shopify.com/s/files/1/2665/6390/files/RedQueen---revamp.jpg?v=1759356522,6,True,matched
BIC,Vibrant Visions Bic,Vibrant Visions Bic - Hue Harmony,Toker Poker,"1 piece = 3.125""x1.75""x0.75"", 0.8 oz.
1 case = 9.5""x18""x16"", 27.5 lbs.",500 pieces,"Piece: RTL-01-A-US-VV-HH
Case: RTL-01-A-US-VV-HH-MC",,810108341529,,10810108341526,4.2, $12.99/unit ,"Yes: US
No: Canada",N/A,,,,12.99,,RTL-01-A-US-VV-HH,RTL-01-A-US-VV-HH-MC,BIC,Vibrant Visions Bic,Vibrant Visions Bic - Hue Harmony,BIC | Vibrant Visions Bic | Vibrant Visions Bic - Hue Harmony,bic vibrant visions bic vibrant visions bic hue harmony,Alice in Wonderland - BIC,alice-wonderland-collection,https://tokerpoker.com/collections/shop-all/products/alice-wonderland-collection,100,Alice Bundle,41,https://cdn.shopify.com/s/files/1/2665/6390/files/CockPaw---revamp.jpg?v=1759356462,https://cdn.shopify.com/s/files/1/2665/6390/files/CockPaw---revamp.jpg?v=1759356462 | https://cdn.shopify.com/s/files/1/2665/6390/files/Aiw---5-Pack---REVAMP.jpg?v=1759356522 | https://cdn.shopify.com/s/files/1/2665/6390/files/HoneyHatter---revamp.jpg?v=1759356522 | https://cdn.shopify.com/s/files/1/2665/6390/files/SugarCube1---revmap.jpg?v=1759356522 | https://cdn.shopify.com/s/files/1/2665/6390/files/ClockMaw---revamp.jpg?v=1759356522 | https://cdn.shopify.com/s/files/1/2665/6390/files/RedQueen---revamp.jpg?v=1759356522,6,True,matched
BIC,Vibrant Visions Bic,Vibrant Visions Bic - Earth Echo,Toker Poker,"1 piece = 3.125""x1.75""x0.75"", 0.8 oz.
1 case = 9.5""x18""x16"", 27.5 lbs.",500 pieces,"Piece: RTL-01-A-US-VV-EE
Case: RTL-01-A-US-VV-EE-MC",,810108341536,,10810108341533,4.2, $12.99/unit ,"Yes: US
No: Canada",N/A,,,,12.99,,RTL-01-A-US-VV-EE,RTL-01-A-US-VV-EE-MC,BIC,Vibrant Visions Bic,Vibrant Visions Bic - Earth Echo,BIC | Vibrant Visions Bic | Vibrant Visions Bic - Earth Echo,bic vibrant visions bic vibrant visions bic earth echo,Alice in Wonderland - BIC,alice-wonderland-collection,https://tokerpoker.com/collections/shop-all/products/alice-wonderland-collection,100,Honey Hatter,40,https://cdn.shopify.com/s/files/1/2665/6390/files/CockPaw---revamp.jpg?v=1759356462,https://cdn.shopify.com/s/files/1/2665/6390/files/CockPaw---revamp.jpg?v=1759356462 | https://cdn.shopify.com/s/files/1/2665/6390/files/Aiw---5-Pack---REVAMP.jpg?v=1759356522 | https://cdn.shopify.com/s/files/1/2665/6390/files/HoneyHatter---revamp.jpg?v=1759356522 | https://cdn.shopify.com/s/files/1/2665/6390/files/SugarCube1---revmap.jpg?v=1759356522 | https://cdn.shopify.com/s/files/1/2665/6390/files/ClockMaw---revamp.jpg?v=1759356522 | https://cdn.shopify.com/s/files/1/2665/6390/files/RedQueen---revamp.jpg?v=1759356522,6,True,matched
BIC,Vibrant Visions Bic,Vibrant Visions Bic - Cosmic Creation,Toker Poker,"1 piece = 3.125""x1.75""x0.75"", 0.8 oz.
1 case = 9.5""x18""x16"", 27.5 lbs.",500 pieces,"Piece: RTL-01-A-US-VV-CR
Case: RTL-01-A-US-VV-CR-MC",,810108341550,,10810108341557,4.2, $12.99/unit ,"Yes: US
No: Canada",N/A,,,,12.99,,RTL-01-A-US-VV-CR,RTL-01-A-US-VV-CR-MC,BIC,Vibrant Visions Bic,Vibrant Visions Bic - Cosmic Creation,BIC | Vibrant Visions Bic | Vibrant Visions Bic - Cosmic Creation,bic vibrant visions bic vibrant visions bic cosmic creation,Alice in Wonderland - BIC,alice-wonderland-collection,https://tokerpoker.com/collections/shop-all/products/alice-wonderland-collection,100,Alice Bundle,40,https://cdn.shopify.com/s/files/1/2665/6390/files/CockPaw---revamp.jpg?v=1759356462,https://cdn.shopify.com/s/files/1/2665/6390/files/CockPaw---revamp.jpg?v=1759356462 | https://cdn.shopify.com/s/files/1/2665/6390/files/Aiw---5-Pack---REVAMP.jpg?v=1759356522 | https://cdn.shopify.com/s/files/1/2665/6390/files/HoneyHatter---revamp.jpg?v=1759356522 | https://cdn.shopify.com/s/files/1/2665/6390/files/SugarCube1---revmap.jpg?v=1759356522 | https://cdn.shopify.com/s/files/1/2665/6390/files/ClockMaw---revamp.jpg?v=1759356522 | https://cdn.shopify.com/s/files/1/2665/6390/files/RedQueen---revamp.jpg?v=1759356522,6,True,matched
BIC,Vibrant Visions Bic,Vibrant Visions Bic - Color Crescendo,Toker Poker,"1 piece = 3.125""x1.75""x0.75"", 0.8 oz.
1 case = 9.5""x18""x16"", 27.5 lbs.",500 pieces,"Piece: RTL-01-A-US-VV-CC
Case: RTL-01-A-US-VV-CC-MC",,810108341543,,10810108341540,4.2, $12.99/unit ,"Yes: US
No: Canada",N/A,,,,12.99,,RTL-01-A-US-VV-CC,RTL-01-A-US-VV-CC-MC,BIC,Vibrant Visions Bic,Vibrant Visions Bic - Color Crescendo,BIC | Vibrant Visions Bic | Vibrant Visions Bic - Color Crescendo,bic vibrant visions bic vibrant visions bic color crescendo,Alice in Wonderland - BIC,alice-wonderland-collection,https://tokerpoker.com/collections/shop-all/products/alice-wonderland-collection,100,Clockmaw,40,https://cdn.shopify.com/s/files/1/2665/6390/files/CockPaw---revamp.jpg?v=1759356462,https://cdn.shopify.com/s/files/1/2665/6390/files/CockPaw---revamp.jpg?v=1759356462 | https://cdn.shopify.com/s/files/1/2665/6390/files/Aiw---5-Pack---REVAMP.jpg?v=1759356522 | https://cdn.shopify.com/s/files/1/2665/6390/files/HoneyHatter---revamp.jpg?v=1759356522 | https://cdn.shopify.com/s/files/1/2665/6390/files/SugarCube1---revmap.jpg?v=1759356522 | https://cdn.shopify.com/s/files/1/2665/6390/files/ClockMaw---revamp.jpg?v=1759356522 | https://cdn.shopify.com/s/files/1/2665/6390/files/RedQueen---revamp.jpg?v=1759356522,6,True,matched
BIC,Vibrant Visions Bic,Vibrant Visions Bic - Vibrant Vision,Toker Poker,"1 piece = 3.125""x1.75""x0.75"", 0.8 oz.
1 case = 9.5""x18""x16"", 27.5 lbs.",500 pieces,"Piece: RTL-01-A-US-VV-VV
Case: RTL-01-A-US-VV-VV-MC",,810108341567,,10810108341564,4.2, $12.99/unit ,"Yes: US
No: Canada",N/A,,,,12.99,,RTL-01-A-US-VV-VV,RTL-01-A-US-VV-VV-MC,BIC,Vibrant Visions Bic,Vibrant Visions Bic - Vibrant Vision,BIC | Vibrant Visions Bic | Vibrant Visions Bic - Vibrant Vision,bic vibrant visions bic vibrant visions bic vibrant vision,Alice in Wonderland - BIC,alice-wonderland-collection,https://tokerpoker.com/collections/shop-all/products/alice-wonderland-collection,100,Alice Bundle,40,https://cdn.shopify.com/s/files/1/2665/6390/files/CockPaw---revamp.jpg?v=1759356462,https://cdn.shopify.com/s/files/1/2665/6390/files/CockPaw---revamp.jpg?v=1759356462 | https://cdn.shopify.com/s/files/1/2665/6390/files/Aiw---5-Pack---REVAMP.jpg?v=1759356522 | https://cdn.shopify.com/s/files/1/2665/6390/files/HoneyHatter---revamp.jpg?v=1759356522 | https://cdn.shopify.com/s/files/1/2665/6390/files/SugarCube1---revmap.jpg?v=1759356522 | https://cdn.shopify.com/s/files/1/2665/6390/files/ClockMaw---revamp.jpg?v=1759356522 | https://cdn.shopify.com/s/files/1/2665/6390/files/RedQueen---revamp.jpg?v=1759356522,6,True,matched
BIC,Glow in the Dark Bic,Glow in the Dark Bic - Clear,Toker Poker,"1 piece = 3.125""x1.75""x0.75"", 0.8 oz.
1 case = 9.5""x18""x16"", 27.5 lbs.",500 pieces,"Piece: RTL-01-A-US-GL-CL
Case: RTL-01-A-US-GL-CL-MC",,810108340782,,10810108340789,4.2, $12.99/unit ,Yes,$13.99,,,,12.99,13.99,RTL-01-A-US-GL-CL,RTL-01-A-US-GL-CL-MC,BIC,Glow in the Dark Bic,Glow in the Dark Bic - Clear,BIC | Glow in the Dark Bic | Glow in the Dark Bic - Clear,bic glow in the dark bic glow in the dark bic clear,Alice in Wonderland - BIC,alice-wonderland-collection,https://tokerpoker.com/collections/shop-all/products/alice-wonderland-collection,100,Clockmaw,44,https://cdn.shopify.com/s/files/1/2665/6390/files/CockPaw---revamp.jpg?v=1759356462,https://cdn.shopify.com/s/files/1/2665/6390/files/CockPaw---revamp.jpg?v=1759356462 | https://cdn.shopify.com/s/files/1/2665/6390/files/Aiw---5-Pack---REVAMP.jpg?v=1759356522 | https://cdn.shopify.com/s/files/1/2665/6390/files/HoneyHatter---revamp.jpg?v=1759356522 | https://cdn.shopify.com/s/files/1/2665/6390/files/SugarCube1---revmap.jpg?v=1759356522 | https://cdn.shopify.com/s/files/1/2665/6390/files/ClockMaw---revamp.jpg?v=1759356522 | https://cdn.shopify.com/s/files/1/2665/6390/files/RedQueen---revamp.jpg?v=1759356522,6,True,matched
BIC,Glow in the Dark Bic,Glow in the Dark Bic - Green,Toker Poker,"1 piece = 3.125""x1.75""x0.75"", 0.8 oz.
1 case = 9.5""x18""x16"", 27.5 lbs.",500 pieces,"Piece: RTL-01-A-US-GL-GN
Case: RTL-01-A-US-GL-GN-MC",,810108341574,,10810108341571,4.2, $12.99/unit ,Yes,$13.99,,,,12.99,13.99,RTL-01-A-US-GL-GN,RTL-01-A-US-GL-GN-MC,BIC,Glow in the Dark Bic,Glow in the Dark Bic - Green,BIC | Glow in the Dark Bic | Glow in the Dark Bic - Green,bic glow in the dark bic glow in the dark bic green,Alice in Wonderland - BIC,alice-wonderland-collection,https://tokerpoker.com/collections/shop-all/products/alice-wonderland-collection,100,Red Queen,44,https://cdn.shopify.com/s/files/1/2665/6390/files/CockPaw---revamp.jpg?v=1759356462,https://cdn.shopify.com/s/files/1/2665/6390/files/CockPaw---revamp.jpg?v=1759356462 | https://cdn.shopify.com/s/files/1/2665/6390/files/Aiw---5-Pack---REVAMP.jpg?v=1759356522 | https://cdn.shopify.com/s/files/1/2665/6390/files/HoneyHatter---revamp.jpg?v=1759356522 | https://cdn.shopify.com/s/files/1/2665/6390/files/SugarCube1---revmap.jpg?v=1759356522 | https://cdn.shopify.com/s/files/1/2665/6390/files/ClockMaw---revamp.jpg?v=1759356522 | https://cdn.shopify.com/s/files/1/2665/6390/files/RedQueen---revamp.jpg?v=1759356522,6,True,matched
BIC,Glow in the Dark Bic,Glow in the Dark Bic - Blue,Toker Poker,"1 piece = 3.125""x1.75""x0.75"", 0.8 oz.
1 case = 9.5""x18""x16"", 27.5 lbs.",500 pieces,"Piece: RTL-01-A-US-GL-BU
Case: RTL-01-A-US-GL-BU-MC",,810108340751,,10810108340758,4.2, $12.99/unit ,Yes,$13.99,,,,12.99,13.99,RTL-01-A-US-GL-BU,RTL-01-A-US-GL-BU-MC,BIC,Glow in the Dark Bic,Glow in the Dark Bic - Blue,BIC | Glow in the Dark Bic | Glow in the Dark Bic - Blue,bic glow in the dark bic glow in the dark bic blue,Alice in Wonderland - BIC,alice-wonderland-collection,https://tokerpoker.com/collections/shop-all/products/alice-wonderland-collection,100,Alice Bundle,50,https://cdn.shopify.com/s/files/1/2665/6390/files/CockPaw---revamp.jpg?v=1759356462,https://cdn.shopify.com/s/files/1/2665/6390/files/CockPaw---revamp.jpg?v=1759356462 | https://cdn.shopify.com/s/files/1/2665/6390/files/Aiw---5-Pack---REVAMP.jpg?v=1759356522 | https://cdn.shopify.com/s/files/1/2665/6390/files/HoneyHatter---revamp.jpg?v=1759356522 | https://cdn.shopify.com/s/files/1/2665/6390/files/SugarCube1---revmap.jpg?v=1759356522 | https://cdn.shopify.com/s/files/1/2665/6390/files/ClockMaw---revamp.jpg?v=1759356522 | https://cdn.shopify.com/s/files/1/2665/6390/files/RedQueen---revamp.jpg?v=1759356522,6,True,matched
BIC,Glow in the Dark Bic,Glow in the Dark Bic - Pink,Toker Poker,"1 piece = 3.125""x1.75""x0.75"", 0.8 oz.
1 case = 9.5""x18""x16"", 27.5 lbs.",500 pieces,"Piece: RTL-01-A-US-GL-PK
Case: RTL-01-A-US-GL-PK-MC",,810108340768,,10810108340765,4.2, $12.99/unit ,Yes,$13.99,,,,12.99,13.99,RTL-01-A-US-GL-PK,RTL-01-A-US-GL-PK-MC,BIC,Glow in the Dark Bic,Glow in the Dark Bic - Pink,BIC | Glow in the Dark Bic | Glow in the Dark Bic - Pink,bic glow in the dark bic glow in the dark bic pink,Alice in Wonderland - BIC,alice-wonderland-collection,https://tokerpoker.com/collections/shop-all/products/alice-wonderland-collection,100,Clockmaw,43,https://cdn.shopify.com/s/files/1/2665/6390/files/CockPaw---revamp.jpg?v=1759356462,https://cdn.shopify.com/s/files/1/2665/6390/files/CockPaw---revamp.jpg?v=1759356462 | https://cdn.shopify.com/s/files/1/2665/6390/files/Aiw---5-Pack---REVAMP.jpg?v=1759356522 | https://cdn.shopify.com/s/files/1/2665/6390/files/HoneyHatter---revamp.jpg?v=1759356522 | https://cdn.shopify.com/s/files/1/2665/6390/files/SugarCube1---revmap.jpg?v=1759356522 | https://cdn.shopify.com/s/files/1/2665/6390/files/ClockMaw---revamp.jpg?v=1759356522 | https://cdn.shopify.com/s/files/1/2665/6390/files/RedQueen---revamp.jpg?v=1759356522,6,True,matched
BIC,Glow in the Dark Bic,Glow in the Dark Bic - Yellow,Toker Poker,"1 piece = 3.125""x1.75""x0.75"", 0.8 oz.
1 case = 9.5""x18""x16"", 27.5 lbs.",500 pieces,"Piece: RTL-01-A-US-GL-YL
Case: RTL-01-A-US-GL-YL-MC",,810108340775,,10810108340772,4.2, $12.99/unit ,No,N/A,,,,12.99,,RTL-01-A-US-GL-YL,RTL-01-A-US-GL-YL-MC,BIC,Glow in the Dark Bic,Glow in the Dark Bic - Yellow,BIC | Glow in the Dark Bic | Glow in the Dark Bic - Yellow,bic glow in the dark bic glow in the dark bic yellow,Alice in Wonderland - BIC,alice-wonderland-collection,https://tokerpoker.com/collections/shop-all/products/alice-wonderland-collection,100,Clockmaw,43,https://cdn.shopify.com/s/files/1/2665/6390/files/CockPaw---revamp.jpg?v=1759356462,https://cdn.shopify.com/s/files/1/2665/6390/files/CockPaw---revamp.jpg?v=1759356462 | https://cdn.shopify.com/s/files/1/2665/6390/files/Aiw---5-Pack---REVAMP.jpg?v=1759356522 | https://cdn.shopify.com/s/files/1/2665/6390/files/HoneyHatter---revamp.jpg?v=1759356522 | https://cdn.shopify.com/s/files/1/2665/6390/files/SugarCube1---revmap.jpg?v=1759356522 | https://cdn.shopify.com/s/files/1/2665/6390/files/ClockMaw---revamp.jpg?v=1759356522 | https://cdn.shopify.com/s/files/1/2665/6390/files/RedQueen---revamp.jpg?v=1759356522,6,True,matched
BIC,Sparkle Bic,Sparkle Bic - Green,Toker Poker,"1 piece = 3.125""x1.75""x0.75"", 0.8 oz.
1 case = 9.5""x18""x16"", 27.5 lbs.",500 pieces,"Piece: RTL-01-A-US-SP-GN
Case: RTL-01-A-US-SP-GN-MC",,810108341734,,10810108341731,4.2, $12.99/unit ,Yes,$13.99,Coming Soon,,,12.99,13.99,RTL-01-A-US-SP-GN,RTL-01-A-US-SP-GN-MC,BIC,Sparkle Bic,Sparkle Bic - Green,BIC | Sparkle Bic | Sparkle Bic - Green,bic sparkle bic sparkle bic green,Alice in Wonderland - BIC,alice-wonderland-collection,https://tokerpoker.com/collections/shop-all/products/alice-wonderland-collection,100,Sugar Cube,48,https://cdn.shopify.com/s/files/1/2665/6390/files/CockPaw---revamp.jpg?v=1759356462,https://cdn.shopify.com/s/files/1/2665/6390/files/CockPaw---revamp.jpg?v=1759356462 | https://cdn.shopify.com/s/files/1/2665/6390/files/Aiw---5-Pack---REVAMP.jpg?v=1759356522 | https://cdn.shopify.com/s/files/1/2665/6390/files/HoneyHatter---revamp.jpg?v=1759356522 | https://cdn.shopify.com/s/files/1/2665/6390/files/SugarCube1---revmap.jpg?v=1759356522 | https://cdn.shopify.com/s/files/1/2665/6390/files/ClockMaw---revamp.jpg?v=1759356522 | https://cdn.shopify.com/s/files/1/2665/6390/files/RedQueen---revamp.jpg?v=1759356522,6,True,matched
BIC,Sparkle Bic,Sparkle Bic - Clear,Toker Poker,"1 piece = 3.125""x1.75""x0.75"", 0.8 oz.
1 case = 9.5""x18""x16"", 27.5 lbs.",500 pieces,"Piece: RTL-01-A-US-SP-CL
Case: RTL-01-A-US-SP-CL-MC",,810108341741,,10810108341748,4.2, $12.99/unit ,Yes,$13.99,Coming Soon,,,12.99,13.99,RTL-01-A-US-SP-CL,RTL-01-A-US-SP-CL-MC,BIC,Sparkle Bic,Sparkle Bic - Clear,BIC | Sparkle Bic | Sparkle Bic - Clear,bic sparkle bic sparkle bic clear,Alice in Wonderland - BIC,alice-wonderland-collection,https://tokerpoker.com/collections/shop-all/products/alice-wonderland-collection,100,Alice Bundle,51,https://cdn.shopify.com/s/files/1/2665/6390/files/CockPaw---revamp.jpg?v=1759356462,https://cdn.shopify.com/s/files/1/2665/6390/files/CockPaw---revamp.jpg?v=1759356462 | https://cdn.shopify.com/s/files/1/2665/6390/files/Aiw---5-Pack---REVAMP.jpg?v=1759356522 | https://cdn.shopify.com/s/files/1/2665/6390/files/HoneyHatter---revamp.jpg?v=1759356522 | https://cdn.shopify.com/s/files/1/2665/6390/files/SugarCube1---revmap.jpg?v=1759356522 | https://cdn.shopify.com/s/files/1/2665/6390/files/ClockMaw---revamp.jpg?v=1759356522 | https://cdn.shopify.com/s/files/1/2665/6390/files/RedQueen---revamp.jpg?v=1759356522,6,True,matched
BIC,Sparkle Bic,Sparkle Bic - Blue,Toker Poker,"1 piece = 3.125""x1.75""x0.75"", 0.8 oz.
1 case = 9.5""x18""x16"", 27.5 lbs.",500 pieces,"Piece: RTL-01-A-US-SP-BU
Case: RTL-01-A-US-SP-BU-MC",,810108341758,,10810108341755,4.2, $12.99/unit ,Yes,$13.99,Coming Soon,,,12.99,13.99,RTL-01-A-US-SP-BU,RTL-01-A-US-SP-BU-MC,BIC,Sparkle Bic,Sparkle Bic - Blue,BIC | Sparkle Bic | Sparkle Bic - Blue,bic sparkle bic sparkle bic blue,Alice in Wonderland - BIC,alice-wonderland-collection,https://tokerpoker.com/collections/shop-all/products/alice-wonderland-collection,100,Alice Bundle,58,https://cdn.shopify.com/s/files/1/2665/6390/files/CockPaw---revamp.jpg?v=1759356462,https://cdn.shopify.com/s/files/1/2665/6390/files/CockPaw---revamp.jpg?v=1759356462 | https://cdn.shopify.com/s/files/1/2665/6390/files/Aiw---5-Pack---REVAMP.jpg?v=1759356522 | https://cdn.shopify.com/s/files/1/2665/6390/files/HoneyHatter---revamp.jpg?v=1759356522 | https://cdn.shopify.com/s/files/1/2665/6390/files/SugarCube1---revmap.jpg?v=1759356522 | https://cdn.shopify.com/s/files/1/2665/6390/files/ClockMaw---revamp.jpg?v=1759356522 | https://cdn.shopify.com/s/files/1/2665/6390/files/RedQueen---revamp.jpg?v=1759356522,6,True,matched
BIC,Sparkle Bic,Sparkle Bic - Purple,Toker Poker,"1 piece = 3.125""x1.75""x0.75"", 0.8 oz.
1 case = 9.5""x18""x16"", 27.5 lbs.",500 pieces,"Piece: RTL-01-A-US-SP-PU
Case: RTL-01-A-US-SP-PU-MC",,810108341765,,10810108341762,4.2, $12.99/unit ,Yes,$13.99,Coming Soon,,,12.99,13.99,RTL-01-A-US-SP-PU,RTL-01-A-US-SP-PU-MC,BIC,Sparkle Bic,Sparkle Bic - Purple,BIC | Sparkle Bic | Sparkle Bic - Purple,bic sparkle bic sparkle bic purple,Alice in Wonderland - BIC,alice-wonderland-collection,https://tokerpoker.com/collections/shop-all/products/alice-wonderland-collection,100,Alice Bundle,53,https://cdn.shopify.com/s/files/1/2665/6390/files/CockPaw---revamp.jpg?v=1759356462,https://cdn.shopify.com/s/files/1/2665/6390/files/CockPaw---revamp.jpg?v=1759356462 | https://cdn.shopify.com/s/files/1/2665/6390/files/Aiw---5-Pack---REVAMP.jpg?v=1759356522 | https://cdn.shopify.com/s/files/1/2665/6390/files/HoneyHatter---revamp.jpg?v=1759356522 | https://cdn.shopify.com/s/files/1/2665/6390/files/SugarCube1---revmap.jpg?v=1759356522 | https://cdn.shopify.com/s/files/1/2665/6390/files/ClockMaw---revamp.jpg?v=1759356522 | https://cdn.shopify.com/s/files/1/2665/6390/files/RedQueen---revamp.jpg?v=1759356522,6,True,matched
BIC,Sparkle Bic,Sparkle Bic - Pink,Toker Poker,"1 piece = 3.125""x1.75""x0.75"", 0.8 oz.
1 case = 9.5""x18""x16"", 27.5 lbs.",500 pieces,"Piece: RTL-01-A-US-SP-PK
Case: RTL-01-A-US-SP-PK-MC",,810108341772,,10810108341779,4.2, $12.99/unit ,Yes,$13.99,Coming Soon,,,12.99,13.99,RTL-01-A-US-SP-PK,RTL-01-A-US-SP-PK-MC,BIC,Sparkle Bic,Sparkle Bic - Pink,BIC | Sparkle Bic | Sparkle Bic - Pink,bic sparkle bic sparkle bic pink,Alice in Wonderland - BIC,alice-wonderland-collection,https://tokerpoker.com/collections/shop-all/products/alice-wonderland-collection,100,Alice Bundle,48,https://cdn.shopify.com/s/files/1/2665/6390/files/CockPaw---revamp.jpg?v=1759356462,https://cdn.shopify.com/s/files/1/2665/6390/files/CockPaw---revamp.jpg?v=1759356462 | https://cdn.shopify.com/s/files/1/2665/6390/files/Aiw---5-Pack---REVAMP.jpg?v=1759356522 | https://cdn.shopify.com/s/files/1/2665/6390/files/HoneyHatter---revamp.jpg?v=1759356522 | https://cdn.shopify.com/s/files/1/2665/6390/files/SugarCube1---revmap.jpg?v=1759356522 | https://cdn.shopify.com/s/files/1/2665/6390/files/ClockMaw---revamp.jpg?v=1759356522 | https://cdn.shopify.com/s/files/1/2665/6390/files/RedQueen---revamp.jpg?v=1759356522,6,True,matched
BIC,Sparkle Bic,Sparkle Bic - Black,Toker Poker,"1 piece = 3.125""x1.75""x0.75"", 0.8 oz.
1 case = 9.5""x18""x16"", 27.5 lbs.",500 pieces,"Piece: RTL-01-A-US-SP-BL
Case: RTL-01-A-US-SP-BL-MC",,810108341789,,10810108341786,4.2, $12.99/unit ,Yes,$13.99,Coming Soon,,,12.99,13.99,RTL-01-A-US-SP-BL,RTL-01-A-US-SP-BL-MC,BIC,Sparkle Bic,Sparkle Bic - Black,BIC | Sparkle Bic | Sparkle Bic - Black,bic sparkle bic sparkle bic black,Alice in Wonderland - BIC,alice-wonderland-collection,https://tokerpoker.com/collections/shop-all/products/alice-wonderland-collection,100,Alice Bundle,50,https://cdn.shopify.com/s/files/1/2665/6390/files/CockPaw---revamp.jpg?v=1759356462,https://cdn.shopify.com/s/files/1/2665/6390/files/CockPaw---revamp.jpg?v=1759356462 | https://cdn.shopify.com/s/files/1/2665/6390/files/Aiw---5-Pack---REVAMP.jpg?v=1759356522 | https://cdn.shopify.com/s/files/1/2665/6390/files/HoneyHatter---revamp.jpg?v=1759356522 | https://cdn.shopify.com/s/files/1/2665/6390/files/SugarCube1---revmap.jpg?v=1759356522 | https://cdn.shopify.com/s/files/1/2665/6390/files/ClockMaw---revamp.jpg?v=1759356522 | https://cdn.shopify.com/s/files/1/2665/6390/files/RedQueen---revamp.jpg?v=1759356522,6,True,matched
BIC,Hemp Plastic Bic ,Hemp Plastic Bic - Charcoal,Toker Poker,"1 piece = 3.125""x1.75""x0.75"", 0.8 oz.
1 case = 9.5""x18""x16"", 27.5 lbs.",500 pieces,"Piece: RTL-04-H-US-HP-CH
Case: RTL-04-H-US-HP-CH-MC",,810108340379,,10810108340376,4.2, $12.99/unit ,Yes,$13.99,,See Hemp Plastic Bic Charcoal Photos HERE,,12.99,13.99,RTL-04-H-US-HP-CH,RTL-04-H-US-HP-CH-MC,BIC,Hemp Plastic Bic,Hemp Plastic Bic - Charcoal,BIC | Hemp Plastic Bic | Hemp Plastic Bic - Charcoal,bic hemp plastic bic hemp plastic bic charcoal | hemp plastic bottle opener | hemp plastic,Alice in Wonderland - BIC,alice-wonderland-collection,https://tokerpoker.com/collections/shop-all/products/alice-wonderland-collection,100,Cockpaw,41,https://cdn.shopify.com/s/files/1/2665/6390/files/CockPaw---revamp.jpg?v=1759356462,https://cdn.shopify.com/s/files/1/2665/6390/files/CockPaw---revamp.jpg?v=1759356462 | https://cdn.shopify.com/s/files/1/2665/6390/files/Aiw---5-Pack---REVAMP.jpg?v=1759356522 | https://cdn.shopify.com/s/files/1/2665/6390/files/HoneyHatter---revamp.jpg?v=1759356522 | https://cdn.shopify.com/s/files/1/2665/6390/files/SugarCube1---revmap.jpg?v=1759356522 | https://cdn.shopify.com/s/files/1/2665/6390/files/ClockMaw---revamp.jpg?v=1759356522 | https://cdn.shopify.com/s/files/1/2665/6390/files/RedQueen---revamp.jpg?v=1759356522,6,True,matched
BIC,Hemp Plastic Bic ,Hemp Plastic Bic - Sage,Toker Poker,"1 piece = 3.125""x1.75""x0.75"", 0.8 oz.
1 case = 9.5""x18""x16"", 27.5 lbs.",500 pieces,"Piece: RTL-04-H-US-HP-SG
Case: RTL-04-H-US-HP-SG-MC",,810108340386,,10810108340383,4.2, $12.99/unit ,Yes,$13.99,,See Hemp Plastic Bic Sage Photos HERE,,12.99,13.99,RTL-04-H-US-HP-SG,RTL-04-H-US-HP-SG-MC,BIC,Hemp Plastic Bic,Hemp Plastic Bic - Sage,BIC | Hemp Plastic Bic | Hemp Plastic Bic - Sage,bic hemp plastic bic hemp plastic bic sage | hemp plastic bottle opener | hemp plastic,Alice in Wonderland - BIC,alice-wonderland-collection,https://tokerpoker.com/collections/shop-all/products/alice-wonderland-collection,100,Sugar Cube,42,https://cdn.shopify.com/s/files/1/2665/6390/files/CockPaw---revamp.jpg?v=1759356462,https://cdn.shopify.com/s/files/1/2665/6390/files/CockPaw---revamp.jpg?v=1759356462 | https://cdn.shopify.com/s/files/1/2665/6390/files/Aiw---5-Pack---REVAMP.jpg?v=1759356522 | https://cdn.shopify.com/s/files/1/2665/6390/files/HoneyHatter---revamp.jpg?v=1759356522 | https://cdn.shopify.com/s/files/1/2665/6390/files/SugarCube1---revmap.jpg?v=1759356522 | https://cdn.shopify.com/s/files/1/2665/6390/files/ClockMaw---revamp.jpg?v=1759356522 | https://cdn.shopify.com/s/files/1/2665/6390/files/RedQueen---revamp.jpg?v=1759356522,6,True,matched
BIC,Hemp Plastic Bic ,Hemp Plastic Bic - Plum,Toker Poker,"1 piece = 3.125""x1.75""x0.75"", 0.8 oz.
1 case = 9.5""x18""x16"", 27.5 lbs.",500 pieces,"Piece: RTL-04-H-US-HP-PL
Case: RTL-04-H-US-HP-PL-MC",,810108340362,,10810108340369,4.2, $12.99/unit ,Yes,$13.99,,See Hemp Plastic Bic Plum Photos HERE,,12.99,13.99,RTL-04-H-US-HP-PL,RTL-04-H-US-HP-PL-MC,BIC,Hemp Plastic Bic,Hemp Plastic Bic - Plum,BIC | Hemp Plastic Bic | Hemp Plastic Bic - Plum,bic hemp plastic bic hemp plastic bic plum | hemp plastic bottle opener | hemp plastic,Alice in Wonderland - BIC,alice-wonderland-collection,https://tokerpoker.com/collections/shop-all/products/alice-wonderland-collection,100,Alice Bundle,41,https://cdn.shopify.com/s/files/1/2665/6390/files/CockPaw---revamp.jpg?v=1759356462,https://cdn.shopify.com/s/files/1/2665/6390/files/CockPaw---revamp.jpg?v=1759356462 | https://cdn.shopify.com/s/files/1/2665/6390/files/Aiw---5-Pack---REVAMP.jpg?v=1759356522 | https://cdn.shopify.com/s/files/1/2665/6390/files/HoneyHatter---revamp.jpg?v=1759356522 | https://cdn.shopify.com/s/files/1/2665/6390/files/SugarCube1---revmap.jpg?v=1759356522 | https://cdn.shopify.com/s/files/1/2665/6390/files/ClockMaw---revamp.jpg?v=1759356522 | https://cdn.shopify.com/s/files/1/2665/6390/files/RedQueen---revamp.jpg?v=1759356522,6,True,matched
BIC,Hemp Plastic Bic ,Hemp Plastic Bic - Mustard,Toker Poker,"1 piece = 3.125""x1.75""x0.75"", 0.8 oz.
1 case = 9.5""x18""x16"", 27.5 lbs.",500 pieces,"Piece: RTL-04-H-US-HP-MS
Case: RTL-04-H-US-HP-MS-MC",,810108340355,,10810108340352,4.2, $12.99/unit ,Yes,$13.99,,See Hemp Plastic Bic Mustard Photos HERE,,12.99,13.99,RTL-04-H-US-HP-MS,RTL-04-H-US-HP-MS-MC,BIC,Hemp Plastic Bic,Hemp Plastic Bic - Mustard,BIC | Hemp Plastic Bic | Hemp Plastic Bic - Mustard,bic hemp plastic bic hemp plastic bic mustard | hemp plastic bottle opener | hemp plastic,Alice in Wonderland - BIC,alice-wonderland-collection,https://tokerpoker.com/collections/shop-all/products/alice-wonderland-collection,100,Alice Bundle,43,https://cdn.shopify.com/s/files/1/2665/6390/files/CockPaw---revamp.jpg?v=1759356462,https://cdn.shopify.com/s/files/1/2665/6390/files/CockPaw---revamp.jpg?v=1759356462 | https://cdn.shopify.com/s/files/1/2665/6390/files/Aiw---5-Pack---REVAMP.jpg?v=1759356522 | https://cdn.shopify.com/s/files/1/2665/6390/files/HoneyHatter---revamp.jpg?v=1759356522 | https://cdn.shopify.com/s/files/1/2665/6390/files/SugarCube1---revmap.jpg?v=1759356522 | https://cdn.shopify.com/s/files/1/2665/6390/files/ClockMaw---revamp.jpg?v=1759356522 | https://cdn.shopify.com/s/files/1/2665/6390/files/RedQueen---revamp.jpg?v=1759356522,6,True,matched
BIC,Hemp Plastic Bic ,Hemp Plastic Bic - Oatmeal,Toker Poker,"1 piece = 3.125""x1.75""x0.75"", 0.8 oz.
1 case = 9.5""x18""x16"", 27.5 lbs.",500 pieces,"Piece: RTL-04-H-US-HP-OM
Case: RTL-04-H-US-HP-OM-MC",,810108340393,,10810108340390,4.2, $12.99/unit ,Yes,$13.99,,See Hemp Plastic Bic Oatmeal Photos HERE,,12.99,13.99,RTL-04-H-US-HP-OM,RTL-04-H-US-HP-OM-MC,BIC,Hemp Plastic Bic,Hemp Plastic Bic - Oatmeal,BIC | Hemp Plastic Bic | Hemp Plastic Bic - Oatmeal,bic hemp plastic bic hemp plastic bic oatmeal | hemp plastic bottle opener | hemp plastic,Alice in Wonderland - BIC,alice-wonderland-collection,https://tokerpoker.com/collections/shop-all/products/alice-wonderland-collection,100,Clockmaw,41,https://cdn.shopify.com/s/files/1/2665/6390/files/CockPaw---revamp.jpg?v=1759356462,https://cdn.shopify.com/s/files/1/2665/6390/files/CockPaw---revamp.jpg?v=1759356462 | https://cdn.shopify.com/s/files/1/2665/6390/files/Aiw---5-Pack---REVAMP.jpg?v=1759356522 | https://cdn.shopify.com/s/files/1/2665/6390/files/HoneyHatter---revamp.jpg?v=1759356522 | https://cdn.shopify.com/s/files/1/2665/6390/files/SugarCube1---revmap.jpg?v=1759356522 | https://cdn.shopify.com/s/files/1/2665/6390/files/ClockMaw---revamp.jpg?v=1759356522 | https://cdn.shopify.com/s/files/1/2665/6390/files/RedQueen---revamp.jpg?v=1759356522,6,True,matched
BIC,Rip N Dip Bic - Lord Savior,Rip N Dip - Lord Savior - Welcome to Heck,Toker Poker,"1 piece = 3.125""x1.75""x0.75"", 0.8 oz.
1 case = 9.5""x18""x16"", 27.5 lbs.",500 pieces,"Piece: RTL-01-A-US-RDO-WH
Case: RTL-01-A-US-RDO-WH-MC",,810108342168,,10810108342165,4.2, $12.99/unit ,Yes,$13.99,,,,12.99,13.99,RTL-01-A-US-RDO-WH,RTL-01-A-US-RDO-WH-MC,BIC,Rip N Dip Bic - Lord Savior,Rip N Dip - Lord Savior - Welcome to Heck,BIC | Rip N Dip Bic - Lord Savior | Rip N Dip - Lord Savior - Welcome to Heck,bic ripndip bic lordsavior ripndip lordsavior welcome to heck,Alice in Wonderland - BIC,alice-wonderland-collection,https://tokerpoker.com/collections/shop-all/products/alice-wonderland-collection,100,Alice Bundle,37,https://cdn.shopify.com/s/files/1/2665/6390/files/CockPaw---revamp.jpg?v=1759356462,https://cdn.shopify.com/s/files/1/2665/6390/files/CockPaw---revamp.jpg?v=1759356462 | https://cdn.shopify.com/s/files/1/2665/6390/files/Aiw---5-Pack---REVAMP.jpg?v=1759356522 | https://cdn.shopify.com/s/files/1/2665/6390/files/HoneyHatter---revamp.jpg?v=1759356522 | https://cdn.shopify.com/s/files/1/2665/6390/files/SugarCube1---revmap.jpg?v=1759356522 | https://cdn.shopify.com/s/files/1/2665/6390/files/ClockMaw---revamp.jpg?v=1759356522 | https://cdn.shopify.com/s/files/1/2665/6390/files/RedQueen---revamp.jpg?v=1759356522,6,True,matched
BIC,Rip N Dip Bic - Lord Savior,Rip N Dip - Lord Savior - Psychedelic,Toker Poker,"1 piece = 3.125""x1.75""x0.75"", 0.8 oz.
1 case = 9.5""x18""x16"", 27.5 lbs.",500 pieces,"Piece: RTL-01-A-US-RDO-PS
Case: RTL-01-A-US-RDO-PS-MC",,810108342175,,10810108342172,4.2, $12.99/unit ,Yes,$13.99,,,,12.99,13.99,RTL-01-A-US-RDO-PS,RTL-01-A-US-RDO-PS-MC,BIC,Rip N Dip Bic - Lord Savior,Rip N Dip - Lord Savior - Psychedelic,BIC | Rip N Dip Bic - Lord Savior | Rip N Dip - Lord Savior - Psychedelic,bic ripndip bic lordsavior ripndip lordsavior psychedelic,Alice in Wonderland - BIC,alice-wonderland-collection,https://tokerpoker.com/collections/shop-all/products/alice-wonderland-collection,100,Alice Bundle,39,https://cdn.shopify.com/s/files/1/2665/6390/files/CockPaw---revamp.jpg?v=1759356462,https://cdn.shopify.com/s/files/1/2665/6390/files/CockPaw---revamp.jpg?v=1759356462 | https://cdn.shopify.com/s/files/1/2665/6390/files/Aiw---5-Pack---REVAMP.jpg?v=1759356522 | https://cdn.shopify.com/s/files/1/2665/6390/files/HoneyHatter---revamp.jpg?v=1759356522 | https://cdn.shopify.com/s/files/1/2665/6390/files/SugarCube1---revmap.jpg?v=1759356522 | https://cdn.shopify.com/s/files/1/2665/6390/files/ClockMaw---revamp.jpg?v=1759356522 | https://cdn.shopify.com/s/files/1/2665/6390/files/RedQueen---revamp.jpg?v=1759356522,6,True,matched
BIC,Rip N Dip Bic - Lord Savior,Rip N Dip - Lord Savior - F*ckin F*ck,Toker Poker,"1 piece = 3.125""x1.75""x0.75"", 0.8 oz.
1 case = 9.5""x18""x16"", 27.5 lbs.",500 pieces,"Piece: RTL-01-A-US-RDO-FF
Case: RTL-01-A-US-RDO-FF-MC",,810108342182,,10810108342189,4.2, $12.99/unit ,Yes,$13.99,,,,12.99,13.99,RTL-01-A-US-RDO-FF,RTL-01-A-US-RDO-FF-MC,BIC,Rip N Dip Bic - Lord Savior,Rip N Dip - Lord Savior - F*ckin F*ck,BIC | Rip N Dip Bic - Lord Savior | Rip N Dip - Lord Savior - F*ckin F*ck,bic ripndip bic lordsavior ripndip lordsavior f ckin f ck,Alice in Wonderland - BIC,alice-wonderland-collection,https://tokerpoker.com/collections/shop-all/products/alice-wonderland-collection,100,Alice Bundle,37,https://cdn.shopify.com/s/files/1/2665/6390/files/CockPaw---revamp.jpg?v=1759356462,https://cdn.shopify.com/s/files/1/2665/6390/files/CockPaw---revamp.jpg?v=1759356462 | https://cdn.shopify.com/s/files/1/2665/6390/files/Aiw---5-Pack---REVAMP.jpg?v=1759356522 | https://cdn.shopify.com/s/files/1/2665/6390/files/HoneyHatter---revamp.jpg?v=1759356522 | https://cdn.shopify.com/s/files/1/2665/6390/files/SugarCube1---revmap.jpg?v=1759356522 | https://cdn.shopify.com/s/files/1/2665/6390/files/ClockMaw---revamp.jpg?v=1759356522 | https://cdn.shopify.com/s/files/1/2665/6390/files/RedQueen---revamp.jpg?v=1759356522,6,True,matched
BIC,Rip N Dip Bic - Lord Savior,Rip N Dip - Lord Savior - Lord Nermal,Toker Poker,"1 piece = 3.125""x1.75""x0.75"", 0.8 oz.
1 case = 9.5""x18""x16"", 27.5 lbs.",500 pieces,"Piece: RTL-01-A-US-RDO-LN
Case: RTL-01-A-US-RDO-LN-MC",,810108342199,,10810108342196,4.2, $12.99/unit ,Yes,$13.99,,,,12.99,13.99,RTL-01-A-US-RDO-LN,RTL-01-A-US-RDO-LN-MC,BIC,Rip N Dip Bic - Lord Savior,Rip N Dip - Lord Savior - Lord Nermal,BIC | Rip N Dip Bic - Lord Savior | Rip N Dip - Lord Savior - Lord Nermal,bic ripndip bic lordsavior ripndip lordsavior lordnermal,Alice in Wonderland - BIC,alice-wonderland-collection,https://tokerpoker.com/collections/shop-all/products/alice-wonderland-collection,100,Alice Bundle,37,https://cdn.shopify.com/s/files/1/2665/6390/files/CockPaw---revamp.jpg?v=1759356462,https://cdn.shopify.com/s/files/1/2665/6390/files/CockPaw---revamp.jpg?v=1759356462 | https://cdn.shopify.com/s/files/1/2665/6390/files/Aiw---5-Pack---REVAMP.jpg?v=1759356522 | https://cdn.shopify.com/s/files/1/2665/6390/files/HoneyHatter---revamp.jpg?v=1759356522 | https://cdn.shopify.com/s/files/1/2665/6390/files/SugarCube1---revmap.jpg?v=1759356522 | https://cdn.shopify.com/s/files/1/2665/6390/files/ClockMaw---revamp.jpg?v=1759356522 | https://cdn.shopify.com/s/files/1/2665/6390/files/RedQueen---revamp.jpg?v=1759356522,6,True,matched
BIC,Rip N Dip Bic - Lord Savior,Rip N Dip - Lord Savior - Lord Savior,Toker Poker,"1 piece = 3.125""x1.75""x0.75"", 0.8 oz.
1 case = 9.5""x18""x16"", 27.5 lbs.",500 pieces,"Piece: RTL-01-A-US-RDO-LS
Case: RTL-01-A-US-RDO-LS-MC",,810108342205,,10810108342202,4.2, $12.99/unit ,Yes,$13.99,,,,12.99,13.99,RTL-01-A-US-RDO-LS,RTL-01-A-US-RDO-LS-MC,BIC,Rip N Dip Bic - Lord Savior,Rip N Dip - Lord Savior - Lord Savior,BIC | Rip N Dip Bic - Lord Savior | Rip N Dip - Lord Savior - Lord Savior,bic ripndip bic lordsavior ripndip lordsavior lordsavior,Alice in Wonderland - BIC,alice-wonderland-collection,https://tokerpoker.com/collections/shop-all/products/alice-wonderland-collection,100,Alice Bundle,37,https://cdn.shopify.com/s/files/1/2665/6390/files/CockPaw---revamp.jpg?v=1759356462,https://cdn.shopify.com/s/files/1/2665/6390/files/CockPaw---revamp.jpg?v=1759356462 | https://cdn.shopify.com/s/files/1/2665/6390/files/Aiw---5-Pack---REVAMP.jpg?v=1759356522 | https://cdn.shopify.com/s/files/1/2665/6390/files/HoneyHatter---revamp.jpg?v=1759356522 | https://cdn.shopify.com/s/files/1/2665/6390/files/SugarCube1---revmap.jpg?v=1759356522 | https://cdn.shopify.com/s/files/1/2665/6390/files/ClockMaw---revamp.jpg?v=1759356522 | https://cdn.shopify.com/s/files/1/2665/6390/files/RedQueen---revamp.jpg?v=1759356522,6,True,matched
BIC,Rip N Dip Bic - Lord Nermal,Rip N Dip Bic - Lord Nermal - Nermal S. Thompson,Toker Poker,"1 piece = 3.125""x1.75""x0.75"", 0.8 oz.
1 case = 9.5""x18""x16"", 27.5 lbs.",500 pieces,"Piece: RTL-01-A-US-RDT-NT
Case: RTL-01-A-US-RDT-NT-MC",,810108342212,,10810108342219,4.2, $12.99/unit ,Yes,$13.99,,,,12.99,13.99,RTL-01-A-US-RDT-NT,RTL-01-A-US-RDT-NT-MC,BIC,Rip N Dip Bic - Lord Nermal,Rip N Dip Bic - Lord Nermal - Nermal S. Thompson,BIC | Rip N Dip Bic - Lord Nermal | Rip N Dip Bic - Lord Nermal - Nermal S. Thompson,bic ripndip bic lordnermal ripndip bic lordnermal nermal s thompson,Alice in Wonderland - BIC,alice-wonderland-collection,https://tokerpoker.com/collections/shop-all/products/alice-wonderland-collection,100,Clockmaw,40,https://cdn.shopify.com/s/files/1/2665/6390/files/CockPaw---revamp.jpg?v=1759356462,https://cdn.shopify.com/s/files/1/2665/6390/files/CockPaw---revamp.jpg?v=1759356462 | https://cdn.shopify.com/s/files/1/2665/6390/files/Aiw---5-Pack---REVAMP.jpg?v=1759356522 | https://cdn.shopify.com/s/files/1/2665/6390/files/HoneyHatter---revamp.jpg?v=1759356522 | https://cdn.shopify.com/s/files/1/2665/6390/files/SugarCube1---revmap.jpg?v=1759356522 | https://cdn.shopify.com/s/files/1/2665/6390/files/ClockMaw---revamp.jpg?v=1759356522 | https://cdn.shopify.com/s/files/1/2665/6390/files/RedQueen---revamp.jpg?v=1759356522,6,True,matched
BIC,Rip N Dip Bic - Lord Nermal,Rip N Dip Bic - Lord Nermal - Nermal Devil,Toker Poker,"1 piece = 3.125""x1.75""x0.75"", 0.8 oz.
1 case = 9.5""x18""x16"", 27.5 lbs.",500 pieces,"Piece: RTL-01-A-US-RDT-ND
Case: RTL-01-A-US-RDT-ND-MC",,810108342229,,10810108342226,4.2, $12.99/unit ,Yes,$13.99,,,,12.99,13.99,RTL-01-A-US-RDT-ND,RTL-01-A-US-RDT-ND-MC,BIC,Rip N Dip Bic - Lord Nermal,Rip N Dip Bic - Lord Nermal - Nermal Devil,BIC | Rip N Dip Bic - Lord Nermal | Rip N Dip Bic - Lord Nermal - Nermal Devil,bic ripndip bic lordnermal ripndip bic lordnermal nermal devil,Alice in Wonderland - BIC,alice-wonderland-collection,https://tokerpoker.com/collections/shop-all/products/alice-wonderland-collection,100,Clockmaw,40,https://cdn.shopify.com/s/files/1/2665/6390/files/CockPaw---revamp.jpg?v=1759356462,https://cdn.shopify.com/s/files/1/2665/6390/files/CockPaw---revamp.jpg?v=1759356462 | https://cdn.shopify.com/s/files/1/2665/6390/files/Aiw---5-Pack---REVAMP.jpg?v=1759356522 | https://cdn.shopify.com/s/files/1/2665/6390/files/HoneyHatter---revamp.jpg?v=1759356522 | https://cdn.shopify.com/s/files/1/2665/6390/files/SugarCube1---revmap.jpg?v=1759356522 | https://cdn.shopify.com/s/files/1/2665/6390/files/ClockMaw---revamp.jpg?v=1759356522 | https://cdn.shopify.com/s/files/1/2665/6390/files/RedQueen---revamp.jpg?v=1759356522,6,True,matched
BIC,Rip N Dip Bic - Lord Nermal,Rip N Dip Bic - Lord Nermal - Blue Nermal,Toker Poker,"1 piece = 3.125""x1.75""x0.75"", 0.8 oz.
1 case = 9.5""x18""x16"", 27.5 lbs.",500 pieces,"Piece: RTL-01-A-US-RDT-BN
Case: RTL-01-A-US-RDT-BN-MC",,810108342236,,10810108342233,4.2, $12.99/unit ,Yes,$13.99,,,,12.99,13.99,RTL-01-A-US-RDT-BN,RTL-01-A-US-RDT-BN-MC,BIC,Rip N Dip Bic - Lord Nermal,Rip N Dip Bic - Lord Nermal - Blue Nermal,BIC | Rip N Dip Bic - Lord Nermal | Rip N Dip Bic - Lord Nermal - Blue Nermal,bic ripndip bic lordnermal ripndip bic lordnermal blue nermal,Alice in Wonderland - BIC,alice-wonderland-collection,https://tokerpoker.com/collections/shop-all/products/alice-wonderland-collection,100,Alice Bundle,43,https://cdn.shopify.com/s/files/1/2665/6390/files/CockPaw---revamp.jpg?v=1759356462,https://cdn.shopify.com/s/files/1/2665/6390/files/CockPaw---revamp.jpg?v=1759356462 | https://cdn.shopify.com/s/files/1/2665/6390/files/Aiw---5-Pack---REVAMP.jpg?v=1759356522 | https://cdn.shopify.com/s/files/1/2665/6390/files/HoneyHatter---revamp.jpg?v=1759356522 | https://cdn.shopify.com/s/files/1/2665/6390/files/SugarCube1---revmap.jpg?v=1759356522 | https://cdn.shopify.com/s/files/1/2665/6390/files/ClockMaw---revamp.jpg?v=1759356522 | https://cdn.shopify.com/s/files/1/2665/6390/files/RedQueen---revamp.jpg?v=1759356522,6,True,matched
BIC,Rip N Dip Bic - Lord Nermal,Rip N Dip Bic - Lord Nermal - Nermal Lover,Toker Poker,"1 piece = 3.125""x1.75""x0.75"", 0.8 oz.
1 case = 9.5""x18""x16"", 27.5 lbs.",500 pieces,"Piece: RTL-01-A-US-RDT-NL
Case: RTL-01-A-US-RDT-NL-MC",,810108342243,,10810108342240,4.2, $12.99/unit ,Yes,$13.99,,,,12.99,13.99,RTL-01-A-US-RDT-NL,RTL-01-A-US-RDT-NL-MC,BIC,Rip N Dip Bic - Lord Nermal,Rip N Dip Bic - Lord Nermal - Nermal Lover,BIC | Rip N Dip Bic - Lord Nermal | Rip N Dip Bic - Lord Nermal - Nermal Lover,bic ripndip bic lordnermal ripndip bic lordnermal nermal lover,Alice in Wonderland - BIC,alice-wonderland-collection,https://tokerpoker.com/collections/shop-all/products/alice-wonderland-collection,100,Clockmaw,40,https://cdn.shopify.com/s/files/1/2665/6390/files/CockPaw---revamp.jpg?v=1759356462,https://cdn.shopify.com/s/files/1/2665/6390/files/CockPaw---revamp.jpg?v=1759356462 | https://cdn.shopify.com/s/files/1/2665/6390/files/Aiw---5-Pack---REVAMP.jpg?v=1759356522 | https://cdn.shopify.com/s/files/1/2665/6390/files/HoneyHatter---revamp.jpg?v=1759356522 | https://cdn.shopify.com/s/files/1/2665/6390/files/SugarCube1---revmap.jpg?v=1759356522 | https://cdn.shopify.com/s/files/1/2665/6390/files/ClockMaw---revamp.jpg?v=1759356522 | https://cdn.shopify.com/s/files/1/2665/6390/files/RedQueen---revamp.jpg?v=1759356522,6,True,matched
BIC,Rip N Dip Bic - Lord Nermal,Rip N Dip Bic - Lord Nermal - Lord Alien,Toker Poker,"1 piece = 3.125""x1.75""x0.75"", 0.8 oz.
1 case = 9.5""x18""x16"", 27.5 lbs.",500 pieces,"Piece: RTL-01-A-US-RDT-LA
Case: RTL-01-A-US-RDT-LA-MC",,810108342250,,10810108342257,4.2, $12.99/unit ,Yes,$13.99,,,,12.99,13.99,RTL-01-A-US-RDT-LA,RTL-01-A-US-RDT-LA-MC,BIC,Rip N Dip Bic - Lord Nermal,Rip N Dip Bic - Lord Nermal - Lord Alien,BIC | Rip N Dip Bic - Lord Nermal | Rip N Dip Bic - Lord Nermal - Lord Alien,bic ripndip bic lordnermal ripndip bic lordnermal lord alien,Alice in Wonderland - BIC,alice-wonderland-collection,https://tokerpoker.com/collections/shop-all/products/alice-wonderland-collection,100,Alice Bundle,43,https://cdn.shopify.com/s/files/1/2665/6390/files/CockPaw---revamp.jpg?v=1759356462,https://cdn.shopify.com/s/files/1/2665/6390/files/CockPaw---revamp.jpg?v=1759356462 | https://cdn.shopify.com/s/files/1/2665/6390/files/Aiw---5-Pack---REVAMP.jpg?v=1759356522 | https://cdn.shopify.com/s/files/1/2665/6390/files/HoneyHatter---revamp.jpg?v=1759356522 | https://cdn.shopify.com/s/files/1/2665/6390/files/SugarCube1---revmap.jpg?v=1759356522 | https://cdn.shopify.com/s/files/1/2665/6390/files/ClockMaw---revamp.jpg?v=1759356522 | https://cdn.shopify.com/s/files/1/2665/6390/files/RedQueen---revamp.jpg?v=1759356522,6,True,matched
BIC,Naughty Needlepoints,Naughty Needlepoints - Puff Puff Pass,Toker Poker,"1 piece = 3.125""x1.75""x0.75"", 0.8 oz.
1 case = 9.5""x18""x16"", 27.5 lbs.",500 pieces,"Piece: RTL-01-A-US-NN-PP
Case: RTL-01-A-US-NN-PP-MC",,810108342274,,10810108342271,4.2, $12.99/unit ,No,N/A,,,,12.99,,RTL-01-A-US-NN-PP,RTL-01-A-US-NN-PP-MC,BIC,Naughty Needlepoints,Naughty Needlepoints - Puff Puff Pass,BIC | Naughty Needlepoints | Naughty Needlepoints - Puff Puff Pass,bic naughty needlepoints naughty needlepoints puff puff pass,Alice in Wonderland - BIC,alice-wonderland-collection,https://tokerpoker.com/collections/shop-all/products/alice-wonderland-collection,100,Alice Bundle,42,https://cdn.shopify.com/s/files/1/2665/6390/files/CockPaw---revamp.jpg?v=1759356462,https://cdn.shopify.com/s/files/1/2665/6390/files/CockPaw---revamp.jpg?v=1759356462 | https://cdn.shopify.com/s/files/1/2665/6390/files/Aiw---5-Pack---REVAMP.jpg?v=1759356522 | https://cdn.shopify.com/s/files/1/2665/6390/files/HoneyHatter---revamp.jpg?v=1759356522 | https://cdn.shopify.com/s/files/1/2665/6390/files/SugarCube1---revmap.jpg?v=1759356522 | https://cdn.shopify.com/s/files/1/2665/6390/files/ClockMaw---revamp.jpg?v=1759356522 | https://cdn.shopify.com/s/files/1/2665/6390/files/RedQueen---revamp.jpg?v=1759356522,6,True,matched
BIC,Naughty Needlepoints,Naughty Needlepoints - Say Perhaps to Drugs,Toker Poker,"1 piece = 3.125""x1.75""x0.75"", 0.8 oz.
1 case = 9.5""x18""x16"", 27.5 lbs.",500 pieces,"Piece: RTL-01-A-US-NN-SP
Case: RTL-01-A-US-NN-SP-MC",,810108342281,,10810108342288,4.2, $12.99/unit ,No,N/A,,,,12.99,,RTL-01-A-US-NN-SP,RTL-01-A-US-NN-SP-MC,BIC,Naughty Needlepoints,Naughty Needlepoints - Say Perhaps to Drugs,BIC | Naughty Needlepoints | Naughty Needlepoints - Say Perhaps to Drugs,bic naughty needlepoints naughty needlepoints say perhaps to drugs,Alice in Wonderland - BIC,alice-wonderland-collection,https://tokerpoker.com/collections/shop-all/products/alice-wonderland-collection,100,Alice Bundle,42,https://cdn.shopify.com/s/files/1/2665/6390/files/CockPaw---revamp.jpg?v=1759356462,https://cdn.shopify.com/s/files/1/2665/6390/files/CockPaw---revamp.jpg?v=1759356462 | https://cdn.shopify.com/s/files/1/2665/6390/files/Aiw---5-Pack---REVAMP.jpg?v=1759356522 | https://cdn.shopify.com/s/files/1/2665/6390/files/HoneyHatter---revamp.jpg?v=1759356522 | https://cdn.shopify.com/s/files/1/2665/6390/files/SugarCube1---revmap.jpg?v=1759356522 | https://cdn.shopify.com/s/files/1/2665/6390/files/ClockMaw---revamp.jpg?v=1759356522 | https://cdn.shopify.com/s/files/1/2665/6390/files/RedQueen---revamp.jpg?v=1759356522,6,True,matched
BIC,Naughty Needlepoints,Naughty Needlepoints - C U Next Tuesday,Toker Poker,"1 piece = 3.125""x1.75""x0.75"", 0.8 oz.
1 case = 9.5""x18""x16"", 27.5 lbs.",500 pieces,"Piece: RTL-01-A-US-NN-CU
Case: RTL-01-A-US-NN-CU-MC",,810108342298,,10810108342295,4.2, $12.99/unit ,No,N/A,,,,12.99,,RTL-01-A-US-NN-CU,RTL-01-A-US-NN-CU-MC,BIC,Naughty Needlepoints,Naughty Needlepoints - C U Next Tuesday,BIC | Naughty Needlepoints | Naughty Needlepoints - C U Next Tuesday,bic naughty needlepoints naughty needlepoints c u next tuesday,Alice in Wonderland - BIC,alice-wonderland-collection,https://tokerpoker.com/collections/shop-all/products/alice-wonderland-collection,100,Alice Bundle,42,https://cdn.shopify.com/s/files/1/2665/6390/files/CockPaw---revamp.jpg?v=1759356462,https://cdn.shopify.com/s/files/1/2665/6390/files/CockPaw---revamp.jpg?v=1759356462 | https://cdn.shopify.com/s/files/1/2665/6390/files/Aiw---5-Pack---REVAMP.jpg?v=1759356522 | https://cdn.shopify.com/s/files/1/2665/6390/files/HoneyHatter---revamp.jpg?v=1759356522 | https://cdn.shopify.com/s/files/1/2665/6390/files/SugarCube1---revmap.jpg?v=1759356522 | https://cdn.shopify.com/s/files/1/2665/6390/files/ClockMaw---revamp.jpg?v=1759356522 | https://cdn.shopify.com/s/files/1/2665/6390/files/RedQueen---revamp.jpg?v=1759356522,6,True,matched
BIC,Naughty Needlepoints,Naughty Needlepoints - Home is Where the Weed At,Toker Poker,"1 piece = 3.125""x1.75""x0.75"", 0.8 oz.
1 case = 9.5""x18""x16"", 27.5 lbs.",500 pieces,"Piece: RTL-01-A-US-NN-HW
Case: RTL-01-A-US-NN-HW-MC",,810108342304,,10810108342301,4.2, $12.99/unit ,No,N/A,,,,12.99,,RTL-01-A-US-NN-HW,RTL-01-A-US-NN-HW-MC,BIC,Naughty Needlepoints,Naughty Needlepoints - Home is Where the Weed At,BIC | Naughty Needlepoints | Naughty Needlepoints - Home is Where the Weed At,bic naughty needlepoints naughty needlepoints home is where the weed at,Alice in Wonderland - BIC,alice-wonderland-collection,https://tokerpoker.com/collections/shop-all/products/alice-wonderland-collection,100,Honey Hatter,44,https://cdn.shopify.com/s/files/1/2665/6390/files/CockPaw---revamp.jpg?v=1759356462,https://cdn.shopify.com/s/files/1/2665/6390/files/CockPaw---revamp.jpg?v=1759356462 | https://cdn.shopify.com/s/files/1/2665/6390/files/Aiw---5-Pack---REVAMP.jpg?v=1759356522 | https://cdn.shopify.com/s/files/1/2665/6390/files/HoneyHatter---revamp.jpg?v=1759356522 | https://cdn.shopify.com/s/files/1/2665/6390/files/SugarCube1---revmap.jpg?v=1759356522 | https://cdn.shopify.com/s/files/1/2665/6390/files/ClockMaw---revamp.jpg?v=1759356522 | https://cdn.shopify.com/s/files/1/2665/6390/files/RedQueen---revamp.jpg?v=1759356522,6,True,matched
BIC,Naughty Needlepoints,Naughty Needlepoints - F*ck Me Like the Government,Toker Poker,"1 piece = 3.125""x1.75""x0.75"", 0.8 oz.
1 case = 9.5""x18""x16"", 27.5 lbs.",500 pieces,"Piece: RTL-01-A-US-NN-FM
Case: RTL-01-A-US-NN-FM-MC",,810108342311,,10810108342318,4.2, $12.99/unit ,No,N/A,,,,12.99,,RTL-01-A-US-NN-FM,RTL-01-A-US-NN-FM-MC,BIC,Naughty Needlepoints,Naughty Needlepoints - F*ck Me Like the Government,BIC | Naughty Needlepoints | Naughty Needlepoints - F*ck Me Like the Government,bic naughty needlepoints naughty needlepoints f ck me like the government,Alice in Wonderland - BIC,alice-wonderland-collection,https://tokerpoker.com/collections/shop-all/products/alice-wonderland-collection,100,Alice Bundle,42,https://cdn.shopify.com/s/files/1/2665/6390/files/CockPaw---revamp.jpg?v=1759356462,https://cdn.shopify.com/s/files/1/2665/6390/files/CockPaw---revamp.jpg?v=1759356462 | https://cdn.shopify.com/s/files/1/2665/6390/files/Aiw---5-Pack---REVAMP.jpg?v=1759356522 | https://cdn.shopify.com/s/files/1/2665/6390/files/HoneyHatter---revamp.jpg?v=1759356522 | https://cdn.shopify.com/s/files/1/2665/6390/files/SugarCube1---revmap.jpg?v=1759356522 | https://cdn.shopify.com/s/files/1/2665/6390/files/ClockMaw---revamp.jpg?v=1759356522 | https://cdn.shopify.com/s/files/1/2665/6390/files/RedQueen---revamp.jpg?v=1759356522,6,True,matched
Clipper,Standard Clipper Mixed Colors, Standard Clipper - Black,Toker Poker,"1 piece = 2.875""x1.375""x0.75"", 0.8 oz.
1 case = 8""x18""x16"", 26 lbs.",500 pieces,"Piece: RTL-02-A-US-ST-BL
Case: RTL-02-A-US-ST-BL-MC",,810108340287,,10810108340284,2.8, $10.99/unit ,Yes,$9.99,,See Standard Clipper Black Photos HERE,,10.99,9.99,RTL-02-A-US-ST-BL,RTL-02-A-US-ST-BL-MC,Clipper,Standard Clipper Mixed Colors,Standard Clipper - Black,Clipper | Standard Clipper Mixed Colors | Standard Clipper - Black,clipper standard clipper standard clipper black,Toker Poker - CLIPPER,clipper,https://tokerpoker.com/collections/shop-all/products/clipper,100,Clipper 5 Pack,72,https://cdn.shopify.com/s/files/1/2665/6390/files/Reg-Clipper-Flying-V---reflection.jpg?v=1763146697,https://cdn.shopify.com/s/files/1/2665/6390/files/Reg-Clipper-Flying-V---reflection.jpg?v=1763146697 | https://cdn.shopify.com/s/files/1/2665/6390/files/Black--Clipper---revamp_45682c8f-a0e8-4d02-8322-16c1b5da73b9.jpg?v=1763146697 | https://cdn.shopify.com/s/files/1/2665/6390/files/Carolina-Clipper---revamp_9769423b-d17b-4028-8103-e1a8f6da8de4.jpg?v=1763146697 | https://cdn.shopify.com/s/files/1/2665/6390/files/Army-Clipper---revamp_6e5c134b-879b-40f6-8067-68bcce322375.jpg?v=1763146697 | https://cdn.shopify.com/s/files/1/2665/6390/files/Magenta-Clipper---revamp_86fd95e4-44c5-4961-8d02-719fbffb4636.jpg?v=1763146909 | https://cdn.shopify.com/s/files/1/2665/6390/files/Lavender-Clipper---revamp_89b9daf0-2f90-418b-b07e-afdca051deb2.jpg?v=1763146909 | https://cdn.shopify.com/s/files/1/2665/6390/files/Orange-Clipper---revamp_78ded119-1750-4809-978b-62079f97e19f.jpg?v=1763146909 | https://cdn.shopify.com/s/files/1/2665/6390/files/Yellow-Clipper---revamp-2.jpg?v=1763146909 | https://cdn.shopify.com/s/files/1/2665/6390/files/Carolina-Clipper---revamp-2.jpg?v=1763146909,9,True,matched
Clipper,Standard Clipper Mixed Colors, Standard Clipper - Carolina,Toker Poker,"1 piece = 2.875""x1.375""x0.75"", 0.8 oz.
1 case = 8""x18""x16"", 26 lbs.",500 pieces,"Piece: RTL-02-A-US-ST-CA
Case: RTL-02-A-US-ST-CA-MC",,810108340300,,10810108340307,2.8, $10.99/unit ,Yes,$9.99,,See Standard Clipper Carolina Photos HERE,,10.99,9.99,RTL-02-A-US-ST-CA,RTL-02-A-US-ST-CA-MC,Clipper,Standard Clipper Mixed Colors,Standard Clipper - Carolina,Clipper | Standard Clipper Mixed Colors | Standard Clipper - Carolina,clipper standard clipper standard clipper carolina,Toker Poker - CLIPPER,clipper,https://tokerpoker.com/collections/shop-all/products/clipper,100,Carolina,66,https://cdn.shopify.com/s/files/1/2665/6390/files/Black--Clipper---revamp_45682c8f-a0e8-4d02-8322-16c1b5da73b9.jpg?v=1763146697,https://cdn.shopify.com/s/files/1/2665/6390/files/Black--Clipper---revamp_45682c8f-a0e8-4d02-8322-16c1b5da73b9.jpg?v=1763146697 | https://cdn.shopify.com/s/files/1/2665/6390/files/Reg-Clipper-Flying-V---reflection.jpg?v=1763146697 | https://cdn.shopify.com/s/files/1/2665/6390/files/Carolina-Clipper---revamp_9769423b-d17b-4028-8103-e1a8f6da8de4.jpg?v=1763146697 | https://cdn.shopify.com/s/files/1/2665/6390/files/Army-Clipper---revamp_6e5c134b-879b-40f6-8067-68bcce322375.jpg?v=1763146697 | https://cdn.shopify.com/s/files/1/2665/6390/files/Magenta-Clipper---revamp_86fd95e4-44c5-4961-8d02-719fbffb4636.jpg?v=1763146909 | https://cdn.shopify.com/s/files/1/2665/6390/files/Lavender-Clipper---revamp_89b9daf0-2f90-418b-b07e-afdca051deb2.jpg?v=1763146909 | https://cdn.shopify.com/s/files/1/2665/6390/files/Orange-Clipper---revamp_78ded119-1750-4809-978b-62079f97e19f.jpg?v=1763146909 | https://cdn.shopify.com/s/files/1/2665/6390/files/Yellow-Clipper---revamp-2.jpg?v=1763146909 | https://cdn.shopify.com/s/files/1/2665/6390/files/Carolina-Clipper---revamp-2.jpg?v=1763146909,9,True,matched
Clipper,Standard Clipper Mixed Colors,Standard Clipper - Grey,Toker Poker,"1 piece = 2.875""x1.375""x0.75"", 0.8 oz.
1 case = 8""x18""x16"", 26 lbs.",500 pieces,"Piece: RTL-02-A-US-ST-GR
Case: RTL-02-A-US-ST-GR-MC",,810108340294,,10810108340291,2.8, $10.99/unit ,Yes,$9.99,,See Standard Clipper Grey Photos HERE,,10.99,9.99,RTL-02-A-US-ST-GR,RTL-02-A-US-ST-GR-MC,Clipper,Standard Clipper Mixed Colors,Standard Clipper - Grey,Clipper | Standard Clipper Mixed Colors | Standard Clipper - Grey,clipper standard clipper standard clipper grey,Toker Poker - CLIPPER,clipper,https://tokerpoker.com/collections/shop-all/products/clipper,100,Clipper 5 Pack,61,https://cdn.shopify.com/s/files/1/2665/6390/files/Black--Clipper---revamp_45682c8f-a0e8-4d02-8322-16c1b5da73b9.jpg?v=1763146697,https://cdn.shopify.com/s/files/1/2665/6390/files/Black--Clipper---revamp_45682c8f-a0e8-4d02-8322-16c1b5da73b9.jpg?v=1763146697 | https://cdn.shopify.com/s/files/1/2665/6390/files/Reg-Clipper-Flying-V---reflection.jpg?v=1763146697 | https://cdn.shopify.com/s/files/1/2665/6390/files/Carolina-Clipper---revamp_9769423b-d17b-4028-8103-e1a8f6da8de4.jpg?v=1763146697 | https://cdn.shopify.com/s/files/1/2665/6390/files/Army-Clipper---revamp_6e5c134b-879b-40f6-8067-68bcce322375.jpg?v=1763146697 | https://cdn.shopify.com/s/files/1/2665/6390/files/Magenta-Clipper---revamp_86fd95e4-44c5-4961-8d02-719fbffb4636.jpg?v=1763146909 | https://cdn.shopify.com/s/files/1/2665/6390/files/Lavender-Clipper---revamp_89b9daf0-2f90-418b-b07e-afdca051deb2.jpg?v=1763146909 | https://cdn.shopify.com/s/files/1/2665/6390/files/Orange-Clipper---revamp_78ded119-1750-4809-978b-62079f97e19f.jpg?v=1763146909 | https://cdn.shopify.com/s/files/1/2665/6390/files/Yellow-Clipper---revamp-2.jpg?v=1763146909 | https://cdn.shopify.com/s/files/1/2665/6390/files/Carolina-Clipper---revamp-2.jpg?v=1763146909,9,True,matched
Clipper,Standard Clipper Mixed Colors,Standard Clipper - Army,Toker Poker,"1 piece = 2.875""x1.375""x0.75"", 0.8 oz.
1 case = 8""x18""x16"", 26 lbs.",500 pieces,"Piece: RTL-02-A-US-ST-AR
Case: RTL-02-A-US-ST-AR-MC",,810108340348,,10810108340345,2.8, $10.99/unit ,Yes,$9.99,,See Standard Clipper Army Photos HERE,,10.99,9.99,RTL-02-A-US-ST-AR,RTL-02-A-US-ST-AR-MC,Clipper,Standard Clipper Mixed Colors,Standard Clipper - Army,Clipper | Standard Clipper Mixed Colors | Standard Clipper - Army,clipper standard clipper standard clipper army,Toker Poker - CLIPPER,clipper,https://tokerpoker.com/collections/shop-all/products/clipper,100,Clipper 5 Pack,66,https://cdn.shopify.com/s/files/1/2665/6390/files/Black--Clipper---revamp_45682c8f-a0e8-4d02-8322-16c1b5da73b9.jpg?v=1763146697,https://cdn.shopify.com/s/files/1/2665/6390/files/Black--Clipper---revamp_45682c8f-a0e8-4d02-8322-16c1b5da73b9.jpg?v=1763146697 | https://cdn.shopify.com/s/files/1/2665/6390/files/Reg-Clipper-Flying-V---reflection.jpg?v=1763146697 | https://cdn.shopify.com/s/files/1/2665/6390/files/Carolina-Clipper---revamp_9769423b-d17b-4028-8103-e1a8f6da8de4.jpg?v=1763146697 | https://cdn.shopify.com/s/files/1/2665/6390/files/Army-Clipper---revamp_6e5c134b-879b-40f6-8067-68bcce322375.jpg?v=1763146697 | https://cdn.shopify.com/s/files/1/2665/6390/files/Magenta-Clipper---revamp_86fd95e4-44c5-4961-8d02-719fbffb4636.jpg?v=1763146909 | https://cdn.shopify.com/s/files/1/2665/6390/files/Lavender-Clipper---revamp_89b9daf0-2f90-418b-b07e-afdca051deb2.jpg?v=1763146909 | https://cdn.shopify.com/s/files/1/2665/6390/files/Orange-Clipper---revamp_78ded119-1750-4809-978b-62079f97e19f.jpg?v=1763146909 | https://cdn.shopify.com/s/files/1/2665/6390/files/Yellow-Clipper---revamp-2.jpg?v=1763146909 | https://cdn.shopify.com/s/files/1/2665/6390/files/Carolina-Clipper---revamp-2.jpg?v=1763146909,9,True,matched
Clipper,Standard Clipper Mixed Colors,Standard Clipper - Lavender,Toker Poker,"1 piece = 2.875""x1.375""x0.75"", 0.8 oz.
1 case = 8""x18""x16"", 26 lbs.",500 pieces,"Piece: RTL-02-A-US-ST-LV
Case: RTL-02-A-US-ST-LV-MC",,810108340317,,10810108340314,2.8, $10.99/unit ,Yes,$9.99,,See Standard Clipper Lavender Photos HERE,,10.99,9.99,RTL-02-A-US-ST-LV,RTL-02-A-US-ST-LV-MC,Clipper,Standard Clipper Mixed Colors,Standard Clipper - Lavender,Clipper | Standard Clipper Mixed Colors | Standard Clipper - Lavender,clipper standard clipper standard clipper lavender,Toker Poker - CLIPPER,clipper,https://tokerpoker.com/collections/shop-all/products/clipper,100,Lavender,66,https://cdn.shopify.com/s/files/1/2665/6390/files/Black--Clipper---revamp_45682c8f-a0e8-4d02-8322-16c1b5da73b9.jpg?v=1763146697,https://cdn.shopify.com/s/files/1/2665/6390/files/Black--Clipper---revamp_45682c8f-a0e8-4d02-8322-16c1b5da73b9.jpg?v=1763146697 | https://cdn.shopify.com/s/files/1/2665/6390/files/Reg-Clipper-Flying-V---reflection.jpg?v=1763146697 | https://cdn.shopify.com/s/files/1/2665/6390/files/Carolina-Clipper---revamp_9769423b-d17b-4028-8103-e1a8f6da8de4.jpg?v=1763146697 | https://cdn.shopify.com/s/files/1/2665/6390/files/Army-Clipper---revamp_6e5c134b-879b-40f6-8067-68bcce322375.jpg?v=1763146697 | https://cdn.shopify.com/s/files/1/2665/6390/files/Magenta-Clipper---revamp_86fd95e4-44c5-4961-8d02-719fbffb4636.jpg?v=1763146909 | https://cdn.shopify.com/s/files/1/2665/6390/files/Lavender-Clipper---revamp_89b9daf0-2f90-418b-b07e-afdca051deb2.jpg?v=1763146909 | https://cdn.shopify.com/s/files/1/2665/6390/files/Orange-Clipper---revamp_78ded119-1750-4809-978b-62079f97e19f.jpg?v=1763146909 | https://cdn.shopify.com/s/files/1/2665/6390/files/Yellow-Clipper---revamp-2.jpg?v=1763146909 | https://cdn.shopify.com/s/files/1/2665/6390/files/Carolina-Clipper---revamp-2.jpg?v=1763146909,9,True,matched
Clipper,Standard Clipper Mixed Colors,Standard Clipper - Magenta,Toker Poker,"1 piece = 2.875""x1.375""x0.75"", 0.8 oz.
1 case = 8""x18""x16"", 26 lbs.",500 pieces,"Piece: RTL-02-A-US-ST-MG
Case: RTL-02-A-US-ST-MG-MC",,810108340270,,10810108340277,2.8, $10.99/unit ,Yes,$9.99,,See Standard Clipper Magenta Photos HERE,,10.99,9.99,RTL-02-A-US-ST-MG,RTL-02-A-US-ST-MG-MC,Clipper,Standard Clipper Mixed Colors,Standard Clipper - Magenta,Clipper | Standard Clipper Mixed Colors | Standard Clipper - Magenta,clipper standard clipper standard clipper magenta,Toker Poker - CLIPPER,clipper,https://tokerpoker.com/collections/shop-all/products/clipper,100,Clipper 5 Pack,60,https://cdn.shopify.com/s/files/1/2665/6390/files/Black--Clipper---revamp_45682c8f-a0e8-4d02-8322-16c1b5da73b9.jpg?v=1763146697,https://cdn.shopify.com/s/files/1/2665/6390/files/Black--Clipper---revamp_45682c8f-a0e8-4d02-8322-16c1b5da73b9.jpg?v=1763146697 | https://cdn.shopify.com/s/files/1/2665/6390/files/Reg-Clipper-Flying-V---reflection.jpg?v=1763146697 | https://cdn.shopify.com/s/files/1/2665/6390/files/Carolina-Clipper---revamp_9769423b-d17b-4028-8103-e1a8f6da8de4.jpg?v=1763146697 | https://cdn.shopify.com/s/files/1/2665/6390/files/Army-Clipper---revamp_6e5c134b-879b-40f6-8067-68bcce322375.jpg?v=1763146697 | https://cdn.shopify.com/s/files/1/2665/6390/files/Magenta-Clipper---revamp_86fd95e4-44c5-4961-8d02-719fbffb4636.jpg?v=1763146909 | https://cdn.shopify.com/s/files/1/2665/6390/files/Lavender-Clipper---revamp_89b9daf0-2f90-418b-b07e-afdca051deb2.jpg?v=1763146909 | https://cdn.shopify.com/s/files/1/2665/6390/files/Orange-Clipper---revamp_78ded119-1750-4809-978b-62079f97e19f.jpg?v=1763146909 | https://cdn.shopify.com/s/files/1/2665/6390/files/Yellow-Clipper---revamp-2.jpg?v=1763146909 | https://cdn.shopify.com/s/files/1/2665/6390/files/Carolina-Clipper---revamp-2.jpg?v=1763146909,9,True,matched
Clipper,Standard Clipper Mixed Colors,Standard Clipper - Yellow ,Toker Poker,"1 piece = 2.875""x1.375""x0.75"", 0.8 oz.
1 case = 8""x18""x16"", 26 lbs.",500 pieces,"Piece: RTL-02-A-US-ST-YL
Case: RTL-02-A-US-ST-YL-MC",,810108340331,,10810108340338,2.8, $10.99/unit ,"Yes: Canada
No: US",N/A,,See Standard Clipper Yellow Photos HERE,,10.99,,RTL-02-A-US-ST-YL,RTL-02-A-US-ST-YL-MC,Clipper,Standard Clipper Mixed Colors,Standard Clipper - Yellow,Clipper | Standard Clipper Mixed Colors | Standard Clipper - Yellow,clipper standard clipper standard clipper yellow,Toker Poker - CLIPPER,clipper,https://tokerpoker.com/collections/shop-all/products/clipper,100,Yellow,62,https://cdn.shopify.com/s/files/1/2665/6390/files/Black--Clipper---revamp_45682c8f-a0e8-4d02-8322-16c1b5da73b9.jpg?v=1763146697,https://cdn.shopify.com/s/files/1/2665/6390/files/Black--Clipper---revamp_45682c8f-a0e8-4d02-8322-16c1b5da73b9.jpg?v=1763146697 | https://cdn.shopify.com/s/files/1/2665/6390/files/Reg-Clipper-Flying-V---reflection.jpg?v=1763146697 | https://cdn.shopify.com/s/files/1/2665/6390/files/Carolina-Clipper---revamp_9769423b-d17b-4028-8103-e1a8f6da8de4.jpg?v=1763146697 | https://cdn.shopify.com/s/files/1/2665/6390/files/Army-Clipper---revamp_6e5c134b-879b-40f6-8067-68bcce322375.jpg?v=1763146697 | https://cdn.shopify.com/s/files/1/2665/6390/files/Magenta-Clipper---revamp_86fd95e4-44c5-4961-8d02-719fbffb4636.jpg?v=1763146909 | https://cdn.shopify.com/s/files/1/2665/6390/files/Lavender-Clipper---revamp_89b9daf0-2f90-418b-b07e-afdca051deb2.jpg?v=1763146909 | https://cdn.shopify.com/s/files/1/2665/6390/files/Orange-Clipper---revamp_78ded119-1750-4809-978b-62079f97e19f.jpg?v=1763146909 | https://cdn.shopify.com/s/files/1/2665/6390/files/Yellow-Clipper---revamp-2.jpg?v=1763146909 | https://cdn.shopify.com/s/files/1/2665/6390/files/Carolina-Clipper---revamp-2.jpg?v=1763146909,9,True,matched
Clipper,Standard Clipper Mixed Colors,Standard Clipper - Orange,Toker Poker,"1 piece = 2.875""x1.375""x0.75"", 0.8 oz.
1 case = 8""x18""x16"", 26 lbs.",500 pieces,"Piece: RTL-02-A-US-ST-OR
Case: RTL-02-A-US-ST-OR-MC",,810108340324,,10810108340321,2.8, $10.99/unit ,Yes,$9.99,,See Standard Clipper Orange Photos HERE,,10.99,9.99,RTL-02-A-US-ST-OR,RTL-02-A-US-ST-OR-MC,Clipper,Standard Clipper Mixed Colors,Standard Clipper - Orange,Clipper | Standard Clipper Mixed Colors | Standard Clipper - Orange,clipper standard clipper standard clipper orange,Toker Poker - CLIPPER,clipper,https://tokerpoker.com/collections/shop-all/products/clipper,100,Orange,62,https://cdn.shopify.com/s/files/1/2665/6390/files/Black--Clipper---revamp_45682c8f-a0e8-4d02-8322-16c1b5da73b9.jpg?v=1763146697,https://cdn.shopify.com/s/files/1/2665/6390/files/Black--Clipper---revamp_45682c8f-a0e8-4d02-8322-16c1b5da73b9.jpg?v=1763146697 | https://cdn.shopify.com/s/files/1/2665/6390/files/Reg-Clipper-Flying-V---reflection.jpg?v=1763146697 | https://cdn.shopify.com/s/files/1/2665/6390/files/Carolina-Clipper---revamp_9769423b-d17b-4028-8103-e1a8f6da8de4.jpg?v=1763146697 | https://cdn.shopify.com/s/files/1/2665/6390/files/Army-Clipper---revamp_6e5c134b-879b-40f6-8067-68bcce322375.jpg?v=1763146697 | https://cdn.shopify.com/s/files/1/2665/6390/files/Magenta-Clipper---revamp_86fd95e4-44c5-4961-8d02-719fbffb4636.jpg?v=1763146909 | https://cdn.shopify.com/s/files/1/2665/6390/files/Lavender-Clipper---revamp_89b9daf0-2f90-418b-b07e-afdca051deb2.jpg?v=1763146909 | https://cdn.shopify.com/s/files/1/2665/6390/files/Orange-Clipper---revamp_78ded119-1750-4809-978b-62079f97e19f.jpg?v=1763146909 | https://cdn.shopify.com/s/files/1/2665/6390/files/Yellow-Clipper---revamp-2.jpg?v=1763146909 | https://cdn.shopify.com/s/files/1/2665/6390/files/Carolina-Clipper---revamp-2.jpg?v=1763146909,9,True,matched
Clipper,Alice in Wonderland Clipper,Alice in Wonderland Clipper - Red Queen,Toker Poker,"1 piece = 2.875""x1.375""x0.75"", 0.8 oz.
1 case = 8""x18""x16"", 26 lbs.",500 pieces,"Piece: RTL-02-A-US-AW-RQ
Case: RTL-02-A-US-AW-RQ-MC",,810108340553,,10810108340550,4.2, $12.99/unit ,Yes,$13.99,,See Alice in Wonderland Clipper Red Queen Photos HERE,,12.99,13.99,RTL-02-A-US-AW-RQ,RTL-02-A-US-AW-RQ-MC,Clipper,Alice in Wonderland Clipper,Alice in Wonderland Clipper - Red Queen,Clipper | Alice in Wonderland Clipper | Alice in Wonderland Clipper - Red Queen,clipper alice in wonderland clipper alice in wonderland clipper red queen,Toker Poker - CLIPPER,clipper,https://tokerpoker.com/collections/shop-all/products/clipper,100,Clipper 5 Pack,60,https://cdn.shopify.com/s/files/1/2665/6390/files/Black--Clipper---revamp_45682c8f-a0e8-4d02-8322-16c1b5da73b9.jpg?v=1763146697,https://cdn.shopify.com/s/files/1/2665/6390/files/Black--Clipper---revamp_45682c8f-a0e8-4d02-8322-16c1b5da73b9.jpg?v=1763146697 | https://cdn.shopify.com/s/files/1/2665/6390/files/Reg-Clipper-Flying-V---reflection.jpg?v=1763146697 | https://cdn.shopify.com/s/files/1/2665/6390/files/Carolina-Clipper---revamp_9769423b-d17b-4028-8103-e1a8f6da8de4.jpg?v=1763146697 | https://cdn.shopify.com/s/files/1/2665/6390/files/Army-Clipper---revamp_6e5c134b-879b-40f6-8067-68bcce322375.jpg?v=1763146697 | https://cdn.shopify.com/s/files/1/2665/6390/files/Magenta-Clipper---revamp_86fd95e4-44c5-4961-8d02-719fbffb4636.jpg?v=1763146909 | https://cdn.shopify.com/s/files/1/2665/6390/files/Lavender-Clipper---revamp_89b9daf0-2f90-418b-b07e-afdca051deb2.jpg?v=1763146909 | https://cdn.shopify.com/s/files/1/2665/6390/files/Orange-Clipper---revamp_78ded119-1750-4809-978b-62079f97e19f.jpg?v=1763146909 | https://cdn.shopify.com/s/files/1/2665/6390/files/Yellow-Clipper---revamp-2.jpg?v=1763146909 | https://cdn.shopify.com/s/files/1/2665/6390/files/Carolina-Clipper---revamp-2.jpg?v=1763146909,9,True,matched
Clipper,Alice in Wonderland Clipper,Alice in Wonderland Clipper - Honey Hatter,Toker Poker,"1 piece = 2.875""x1.375""x0.75"", 0.8 oz.
1 case = 8""x18""x16"", 26 lbs.",500 pieces,"Piece: RTL-02-A-US-AW-HH
Case: RTL-02-A-US-AW-HH-MC",,810108340560,,10810108340567,4.2, $12.99/unit ,Yes,$13.99,,See Alice in Wonderland Clipper Honey Hatter Photos HERE,,12.99,13.99,RTL-02-A-US-AW-HH,RTL-02-A-US-AW-HH-MC,Clipper,Alice in Wonderland Clipper,Alice in Wonderland Clipper - Honey Hatter,Clipper | Alice in Wonderland Clipper | Alice in Wonderland Clipper - Honey Hatter,clipper alice in wonderland clipper alice in wonderland clipper honey hatter,Toker Poker - CLIPPER,clipper,https://tokerpoker.com/collections/shop-all/products/clipper,100,Clipper 5 Pack,60,https://cdn.shopify.com/s/files/1/2665/6390/files/Black--Clipper---revamp_45682c8f-a0e8-4d02-8322-16c1b5da73b9.jpg?v=1763146697,https://cdn.shopify.com/s/files/1/2665/6390/files/Black--Clipper---revamp_45682c8f-a0e8-4d02-8322-16c1b5da73b9.jpg?v=1763146697 | https://cdn.shopify.com/s/files/1/2665/6390/files/Reg-Clipper-Flying-V---reflection.jpg?v=1763146697 | https://cdn.shopify.com/s/files/1/2665/6390/files/Carolina-Clipper---revamp_9769423b-d17b-4028-8103-e1a8f6da8de4.jpg?v=1763146697 | https://cdn.shopify.com/s/files/1/2665/6390/files/Army-Clipper---revamp_6e5c134b-879b-40f6-8067-68bcce322375.jpg?v=1763146697 | https://cdn.shopify.com/s/files/1/2665/6390/files/Magenta-Clipper---revamp_86fd95e4-44c5-4961-8d02-719fbffb4636.jpg?v=1763146909 | https://cdn.shopify.com/s/files/1/2665/6390/files/Lavender-Clipper---revamp_89b9daf0-2f90-418b-b07e-afdca051deb2.jpg?v=1763146909 | https://cdn.shopify.com/s/files/1/2665/6390/files/Orange-Clipper---revamp_78ded119-1750-4809-978b-62079f97e19f.jpg?v=1763146909 | https://cdn.shopify.com/s/files/1/2665/6390/files/Yellow-Clipper---revamp-2.jpg?v=1763146909 | https://cdn.shopify.com/s/files/1/2665/6390/files/Carolina-Clipper---revamp-2.jpg?v=1763146909,9,True,matched
Clipper,Alice in Wonderland Clipper,Alice in Wonderland Clipper - Sugar Cube,Toker Poker,"1 piece = 2.875""x1.375""x0.75"", 0.8 oz.
1 case = 8""x18""x16"", 26 lbs.",500 pieces,"Piece: RTL-02-A-US-AW-SC
Case: RTL-02-A-US-AW-SC-MC",,810108340577,,10810108340574,4.2, $12.99/unit ,Yes,$13.99,,See Alice in Wonderland Clipper Sugar Cube Photos HERE,,12.99,13.99,RTL-02-A-US-AW-SC,RTL-02-A-US-AW-SC-MC,Clipper,Alice in Wonderland Clipper,Alice in Wonderland Clipper - Sugar Cube,Clipper | Alice in Wonderland Clipper | Alice in Wonderland Clipper - Sugar Cube,clipper alice in wonderland clipper alice in wonderland clipper sugar cube,Toker Poker - CLIPPER,clipper,https://tokerpoker.com/collections/shop-all/products/clipper,100,Clipper 5 Pack,60,https://cdn.shopify.com/s/files/1/2665/6390/files/Black--Clipper---revamp_45682c8f-a0e8-4d02-8322-16c1b5da73b9.jpg?v=1763146697,https://cdn.shopify.com/s/files/1/2665/6390/files/Black--Clipper---revamp_45682c8f-a0e8-4d02-8322-16c1b5da73b9.jpg?v=1763146697 | https://cdn.shopify.com/s/files/1/2665/6390/files/Reg-Clipper-Flying-V---reflection.jpg?v=1763146697 | https://cdn.shopify.com/s/files/1/2665/6390/files/Carolina-Clipper---revamp_9769423b-d17b-4028-8103-e1a8f6da8de4.jpg?v=1763146697 | https://cdn.shopify.com/s/files/1/2665/6390/files/Army-Clipper---revamp_6e5c134b-879b-40f6-8067-68bcce322375.jpg?v=1763146697 | https://cdn.shopify.com/s/files/1/2665/6390/files/Magenta-Clipper---revamp_86fd95e4-44c5-4961-8d02-719fbffb4636.jpg?v=1763146909 | https://cdn.shopify.com/s/files/1/2665/6390/files/Lavender-Clipper---revamp_89b9daf0-2f90-418b-b07e-afdca051deb2.jpg?v=1763146909 | https://cdn.shopify.com/s/files/1/2665/6390/files/Orange-Clipper---revamp_78ded119-1750-4809-978b-62079f97e19f.jpg?v=1763146909 | https://cdn.shopify.com/s/files/1/2665/6390/files/Yellow-Clipper---revamp-2.jpg?v=1763146909 | https://cdn.shopify.com/s/files/1/2665/6390/files/Carolina-Clipper---revamp-2.jpg?v=1763146909,9,True,matched
Clipper,Alice in Wonderland Clipper,Alice in Wonderland Clipper - Cockpaw,Toker Poker,"1 piece = 2.875""x1.375""x0.75"", 0.8 oz.
1 case = 8""x18""x16"", 26 lbs.",500 pieces,"Piece: RTL-02-A-US-AW-CP
Case: RTL-02-A-US-AW-CP-MC",,810108340584,,10810108340581,4.2, $12.99/unit ,Yes,$13.99,,See Alice in Wonderland Clipper Cockpaw Photos HERE,,12.99,13.99,RTL-02-A-US-AW-CP,RTL-02-A-US-AW-CP-MC,Clipper,Alice in Wonderland Clipper,Alice in Wonderland Clipper - Cockpaw,Clipper | Alice in Wonderland Clipper | Alice in Wonderland Clipper - Cockpaw,clipper alice in wonderland clipper alice in wonderland clipper cockpaw,Toker Poker - CLIPPER,clipper,https://tokerpoker.com/collections/shop-all/products/clipper,100,Clipper 5 Pack,60,https://cdn.shopify.com/s/files/1/2665/6390/files/Black--Clipper---revamp_45682c8f-a0e8-4d02-8322-16c1b5da73b9.jpg?v=1763146697,https://cdn.shopify.com/s/files/1/2665/6390/files/Black--Clipper---revamp_45682c8f-a0e8-4d02-8322-16c1b5da73b9.jpg?v=1763146697 | https://cdn.shopify.com/s/files/1/2665/6390/files/Reg-Clipper-Flying-V---reflection.jpg?v=1763146697 | https://cdn.shopify.com/s/files/1/2665/6390/files/Carolina-Clipper---revamp_9769423b-d17b-4028-8103-e1a8f6da8de4.jpg?v=1763146697 | https://cdn.shopify.com/s/files/1/2665/6390/files/Army-Clipper---revamp_6e5c134b-879b-40f6-8067-68bcce322375.jpg?v=1763146697 | https://cdn.shopify.com/s/files/1/2665/6390/files/Magenta-Clipper---revamp_86fd95e4-44c5-4961-8d02-719fbffb4636.jpg?v=1763146909 | https://cdn.shopify.com/s/files/1/2665/6390/files/Lavender-Clipper---revamp_89b9daf0-2f90-418b-b07e-afdca051deb2.jpg?v=1763146909 | https://cdn.shopify.com/s/files/1/2665/6390/files/Orange-Clipper---revamp_78ded119-1750-4809-978b-62079f97e19f.jpg?v=1763146909 | https://cdn.shopify.com/s/files/1/2665/6390/files/Yellow-Clipper---revamp-2.jpg?v=1763146909 | https://cdn.shopify.com/s/files/1/2665/6390/files/Carolina-Clipper---revamp-2.jpg?v=1763146909,9,True,matched
Clipper,Alice in Wonderland Clipper,Alice in Wonderland Clipper - Clockmaw,Toker Poker,"1 piece = 2.875""x1.375""x0.75"", 0.8 oz.
1 case = 8""x18""x16"", 26 lbs.",500 pieces,"Piece: RTL-02-A-US-AW-CL
Case: RTL-02-A-US-AW-CL-MC",,810108340591,,10810108340598,4.2, $12.99/unit ,Yes,$13.99,,See Alice in Wonderland Clipper Clockmaw Photos HERE,,12.99,13.99,RTL-02-A-US-AW-CL,RTL-02-A-US-AW-CL-MC,Clipper,Alice in Wonderland Clipper,Alice in Wonderland Clipper - Clockmaw,Clipper | Alice in Wonderland Clipper | Alice in Wonderland Clipper - Clockmaw,clipper alice in wonderland clipper alice in wonderland clipper clockmaw,Toker Poker - CLIPPER,clipper,https://tokerpoker.com/collections/shop-all/products/clipper,100,Clipper 5 Pack,60,https://cdn.shopify.com/s/files/1/2665/6390/files/Black--Clipper---revamp_45682c8f-a0e8-4d02-8322-16c1b5da73b9.jpg?v=1763146697,https://cdn.shopify.com/s/files/1/2665/6390/files/Black--Clipper---revamp_45682c8f-a0e8-4d02-8322-16c1b5da73b9.jpg?v=1763146697 | https://cdn.shopify.com/s/files/1/2665/6390/files/Reg-Clipper-Flying-V---reflection.jpg?v=1763146697 | https://cdn.shopify.com/s/files/1/2665/6390/files/Carolina-Clipper---revamp_9769423b-d17b-4028-8103-e1a8f6da8de4.jpg?v=1763146697 | https://cdn.shopify.com/s/files/1/2665/6390/files/Army-Clipper---revamp_6e5c134b-879b-40f6-8067-68bcce322375.jpg?v=1763146697 | https://cdn.shopify.com/s/files/1/2665/6390/files/Magenta-Clipper---revamp_86fd95e4-44c5-4961-8d02-719fbffb4636.jpg?v=1763146909 | https://cdn.shopify.com/s/files/1/2665/6390/files/Lavender-Clipper---revamp_89b9daf0-2f90-418b-b07e-afdca051deb2.jpg?v=1763146909 | https://cdn.shopify.com/s/files/1/2665/6390/files/Orange-Clipper---revamp_78ded119-1750-4809-978b-62079f97e19f.jpg?v=1763146909 | https://cdn.shopify.com/s/files/1/2665/6390/files/Yellow-Clipper---revamp-2.jpg?v=1763146909 | https://cdn.shopify.com/s/files/1/2665/6390/files/Carolina-Clipper---revamp-2.jpg?v=1763146909,9,True,matched
Clipper,Soul Speakers Clipper,Soul Speakers Clipper - Stay Positive ,Toker Poker,"1 piece = 2.875""x1.375""x0.75"", 0.8 oz.
1 case = 8""x18""x16"", 26 lbs.",500 pieces,"Piece: RTL-02-A-US-SS-SP
Case: RTL-02-A-US-SS-SP-MC",,810108340652,,10810108340659,4.2, $12.99/unit ,No,N/A,,See Soul Speakers Clipper Stay Positive Photos HERE,,12.99,,RTL-02-A-US-SS-SP,RTL-02-A-US-SS-SP-MC,Clipper,Soul Speakers Clipper,Soul Speakers Clipper - Stay Positive,Clipper | Soul Speakers Clipper | Soul Speakers Clipper - Stay Positive,clipper soul speakers clipper soul speakers clipper stay positive,Toker Poker - CLIPPER,clipper,https://tokerpoker.com/collections/shop-all/products/clipper,100,Clipper 5 Pack,60,https://cdn.shopify.com/s/files/1/2665/6390/files/Black--Clipper---revamp_45682c8f-a0e8-4d02-8322-16c1b5da73b9.jpg?v=1763146697,https://cdn.shopify.com/s/files/1/2665/6390/files/Black--Clipper---revamp_45682c8f-a0e8-4d02-8322-16c1b5da73b9.jpg?v=1763146697 | https://cdn.shopify.com/s/files/1/2665/6390/files/Reg-Clipper-Flying-V---reflection.jpg?v=1763146697 | https://cdn.shopify.com/s/files/1/2665/6390/files/Carolina-Clipper---revamp_9769423b-d17b-4028-8103-e1a8f6da8de4.jpg?v=1763146697 | https://cdn.shopify.com/s/files/1/2665/6390/files/Army-Clipper---revamp_6e5c134b-879b-40f6-8067-68bcce322375.jpg?v=1763146697 | https://cdn.shopify.com/s/files/1/2665/6390/files/Magenta-Clipper---revamp_86fd95e4-44c5-4961-8d02-719fbffb4636.jpg?v=1763146909 | https://cdn.shopify.com/s/files/1/2665/6390/files/Lavender-Clipper---revamp_89b9daf0-2f90-418b-b07e-afdca051deb2.jpg?v=1763146909 | https://cdn.shopify.com/s/files/1/2665/6390/files/Orange-Clipper---revamp_78ded119-1750-4809-978b-62079f97e19f.jpg?v=1763146909 | https://cdn.shopify.com/s/files/1/2665/6390/files/Yellow-Clipper---revamp-2.jpg?v=1763146909 | https://cdn.shopify.com/s/files/1/2665/6390/files/Carolina-Clipper---revamp-2.jpg?v=1763146909,9,True,matched
Clipper,Soul Speakers Clipper,Soul Speakers Clipper - Not Stoned Enough,Toker Poker,"1 piece = 2.875""x1.375""x0.75"", 0.8 oz.
1 case = 8""x18""x16"", 26 lbs.",500 pieces,"Piece: RTL-02-A-US-SS-NS
Case: RTL-02-A-US-SS-NS-MC",,810108340669,,10810108340666,4.2, $12.99/unit ,No,N/A,,See Soul Speakers Clipper Not Stoned Enough Photos HERE,,12.99,,RTL-02-A-US-SS-NS,RTL-02-A-US-SS-NS-MC,Clipper,Soul Speakers Clipper,Soul Speakers Clipper - Not Stoned Enough,Clipper | Soul Speakers Clipper | Soul Speakers Clipper - Not Stoned Enough,clipper soul speakers clipper soul speakers clipper not stoned enough,Toker Poker - CLIPPER,clipper,https://tokerpoker.com/collections/shop-all/products/clipper,100,Clipper 5 Pack,60,https://cdn.shopify.com/s/files/1/2665/6390/files/Black--Clipper---revamp_45682c8f-a0e8-4d02-8322-16c1b5da73b9.jpg?v=1763146697,https://cdn.shopify.com/s/files/1/2665/6390/files/Black--Clipper---revamp_45682c8f-a0e8-4d02-8322-16c1b5da73b9.jpg?v=1763146697 | https://cdn.shopify.com/s/files/1/2665/6390/files/Reg-Clipper-Flying-V---reflection.jpg?v=1763146697 | https://cdn.shopify.com/s/files/1/2665/6390/files/Carolina-Clipper---revamp_9769423b-d17b-4028-8103-e1a8f6da8de4.jpg?v=1763146697 | https://cdn.shopify.com/s/files/1/2665/6390/files/Army-Clipper---revamp_6e5c134b-879b-40f6-8067-68bcce322375.jpg?v=1763146697 | https://cdn.shopify.com/s/files/1/2665/6390/files/Magenta-Clipper---revamp_86fd95e4-44c5-4961-8d02-719fbffb4636.jpg?v=1763146909 | https://cdn.shopify.com/s/files/1/2665/6390/files/Lavender-Clipper---revamp_89b9daf0-2f90-418b-b07e-afdca051deb2.jpg?v=1763146909 | https://cdn.shopify.com/s/files/1/2665/6390/files/Orange-Clipper---revamp_78ded119-1750-4809-978b-62079f97e19f.jpg?v=1763146909 | https://cdn.shopify.com/s/files/1/2665/6390/files/Yellow-Clipper---revamp-2.jpg?v=1763146909 | https://cdn.shopify.com/s/files/1/2665/6390/files/Carolina-Clipper---revamp-2.jpg?v=1763146909,9,True,matched
Clipper,Soul Speakers Clipper,Soul Speakers Clipper - Lil Hippie,Toker Poker,"1 piece = 2.875""x1.375""x0.75"", 0.8 oz.
1 case = 8""x18""x16"", 26 lbs.",500 pieces,"Piece: RTL-02-A-US-SS-LH
Case: RTL-02-A-US-SS-LH-MC",,810108340676,,10810108340673,4.2, $12.99/unit ,No,N/A,,See Soul Speakers Clipper Lil Hippie Photos HERE,,12.99,,RTL-02-A-US-SS-LH,RTL-02-A-US-SS-LH-MC,Clipper,Soul Speakers Clipper,Soul Speakers Clipper - Lil Hippie,Clipper | Soul Speakers Clipper | Soul Speakers Clipper - Lil Hippie,clipper soul speakers clipper soul speakers clipper lil hippie,Toker Poker - CLIPPER,clipper,https://tokerpoker.com/collections/shop-all/products/clipper,100,Clipper 5 Pack,60,https://cdn.shopify.com/s/files/1/2665/6390/files/Black--Clipper---revamp_45682c8f-a0e8-4d02-8322-16c1b5da73b9.jpg?v=1763146697,https://cdn.shopify.com/s/files/1/2665/6390/files/Black--Clipper---revamp_45682c8f-a0e8-4d02-8322-16c1b5da73b9.jpg?v=1763146697 | https://cdn.shopify.com/s/files/1/2665/6390/files/Reg-Clipper-Flying-V---reflection.jpg?v=1763146697 | https://cdn.shopify.com/s/files/1/2665/6390/files/Carolina-Clipper---revamp_9769423b-d17b-4028-8103-e1a8f6da8de4.jpg?v=1763146697 | https://cdn.shopify.com/s/files/1/2665/6390/files/Army-Clipper---revamp_6e5c134b-879b-40f6-8067-68bcce322375.jpg?v=1763146697 | https://cdn.shopify.com/s/files/1/2665/6390/files/Magenta-Clipper---revamp_86fd95e4-44c5-4961-8d02-719fbffb4636.jpg?v=1763146909 | https://cdn.shopify.com/s/files/1/2665/6390/files/Lavender-Clipper---revamp_89b9daf0-2f90-418b-b07e-afdca051deb2.jpg?v=1763146909 | https://cdn.shopify.com/s/files/1/2665/6390/files/Orange-Clipper---revamp_78ded119-1750-4809-978b-62079f97e19f.jpg?v=1763146909 | https://cdn.shopify.com/s/files/1/2665/6390/files/Yellow-Clipper---revamp-2.jpg?v=1763146909 | https://cdn.shopify.com/s/files/1/2665/6390/files/Carolina-Clipper---revamp-2.jpg?v=1763146909,9,True,matched
Clipper,Soul Speakers Clipper,Soul Speakers Clipper - Smoke the Flowers,Toker Poker,"1 piece = 2.875""x1.375""x0.75"", 0.8 oz.
1 case = 8""x18""x16"", 26 lbs.",500 pieces,"Piece: RTL-02-A-US-SS-SF
Case: RTL-02-A-US-SS-SF-MC",,810108340683,,10810108340680,4.2, $12.99/unit ,No,N/A,,See Soul Speakers Clipper Smoke the Flowers Photos HERE,,12.99,,RTL-02-A-US-SS-SF,RTL-02-A-US-SS-SF-MC,Clipper,Soul Speakers Clipper,Soul Speakers Clipper - Smoke the Flowers,Clipper | Soul Speakers Clipper | Soul Speakers Clipper - Smoke the Flowers,clipper soul speakers clipper soul speakers clipper smoke the flowers,Toker Poker - CLIPPER,clipper,https://tokerpoker.com/collections/shop-all/products/clipper,100,Clipper 5 Pack,60,https://cdn.shopify.com/s/files/1/2665/6390/files/Black--Clipper---revamp_45682c8f-a0e8-4d02-8322-16c1b5da73b9.jpg?v=1763146697,https://cdn.shopify.com/s/files/1/2665/6390/files/Black--Clipper---revamp_45682c8f-a0e8-4d02-8322-16c1b5da73b9.jpg?v=1763146697 | https://cdn.shopify.com/s/files/1/2665/6390/files/Reg-Clipper-Flying-V---reflection.jpg?v=1763146697 | https://cdn.shopify.com/s/files/1/2665/6390/files/Carolina-Clipper---revamp_9769423b-d17b-4028-8103-e1a8f6da8de4.jpg?v=1763146697 | https://cdn.shopify.com/s/files/1/2665/6390/files/Army-Clipper---revamp_6e5c134b-879b-40f6-8067-68bcce322375.jpg?v=1763146697 | https://cdn.shopify.com/s/files/1/2665/6390/files/Magenta-Clipper---revamp_86fd95e4-44c5-4961-8d02-719fbffb4636.jpg?v=1763146909 | https://cdn.shopify.com/s/files/1/2665/6390/files/Lavender-Clipper---revamp_89b9daf0-2f90-418b-b07e-afdca051deb2.jpg?v=1763146909 | https://cdn.shopify.com/s/files/1/2665/6390/files/Orange-Clipper---revamp_78ded119-1750-4809-978b-62079f97e19f.jpg?v=1763146909 | https://cdn.shopify.com/s/files/1/2665/6390/files/Yellow-Clipper---revamp-2.jpg?v=1763146909 | https://cdn.shopify.com/s/files/1/2665/6390/files/Carolina-Clipper---revamp-2.jpg?v=1763146909,9,True,matched
Clipper,Soul Speakers Clipper,Soul Speakers Clipper - Stay Young,Toker Poker,"1 piece = 2.875""x1.375""x0.75"", 0.8 oz.
1 case = 8""x18""x16"", 26 lbs.",500 pieces,"Piece: RTL-02-A-US-SS-SY
Case: RTL-02-A-US-SS-SY-MC",,810108340690,,10810108340697,4.2, $12.99/unit ,No,N/A,,See Soul Speakers Clipper Stay Young Photos HERE,,12.99,,RTL-02-A-US-SS-SY,RTL-02-A-US-SS-SY-MC,Clipper,Soul Speakers Clipper,Soul Speakers Clipper - Stay Young,Clipper | Soul Speakers Clipper | Soul Speakers Clipper - Stay Young,clipper soul speakers clipper soul speakers clipper stay young,Toker Poker - CLIPPER,clipper,https://tokerpoker.com/collections/shop-all/products/clipper,100,Clipper 5 Pack,60,https://cdn.shopify.com/s/files/1/2665/6390/files/Black--Clipper---revamp_45682c8f-a0e8-4d02-8322-16c1b5da73b9.jpg?v=1763146697,https://cdn.shopify.com/s/files/1/2665/6390/files/Black--Clipper---revamp_45682c8f-a0e8-4d02-8322-16c1b5da73b9.jpg?v=1763146697 | https://cdn.shopify.com/s/files/1/2665/6390/files/Reg-Clipper-Flying-V---reflection.jpg?v=1763146697 | https://cdn.shopify.com/s/files/1/2665/6390/files/Carolina-Clipper---revamp_9769423b-d17b-4028-8103-e1a8f6da8de4.jpg?v=1763146697 | https://cdn.shopify.com/s/files/1/2665/6390/files/Army-Clipper---revamp_6e5c134b-879b-40f6-8067-68bcce322375.jpg?v=1763146697 | https://cdn.shopify.com/s/files/1/2665/6390/files/Magenta-Clipper---revamp_86fd95e4-44c5-4961-8d02-719fbffb4636.jpg?v=1763146909 | https://cdn.shopify.com/s/files/1/2665/6390/files/Lavender-Clipper---revamp_89b9daf0-2f90-418b-b07e-afdca051deb2.jpg?v=1763146909 | https://cdn.shopify.com/s/files/1/2665/6390/files/Orange-Clipper---revamp_78ded119-1750-4809-978b-62079f97e19f.jpg?v=1763146909 | https://cdn.shopify.com/s/files/1/2665/6390/files/Yellow-Clipper---revamp-2.jpg?v=1763146909 | https://cdn.shopify.com/s/files/1/2665/6390/files/Carolina-Clipper---revamp-2.jpg?v=1763146909,9,True,matched
Clipper,Califari Strains Clipper,Califari Strains Clipper - Northern Lights ,Toker Poker,"1 piece = 2.875""x1.375""x0.75"", 0.8 oz.
1 case = 8""x18""x16"", 26 lbs.",500 pieces,"Piece: RTL-02-A-US-CF-NL
Case: RTL-02-A-US-CF-NL-MC",,810108341222,,10810108341229,4.2, $12.99/unit ,No,N/A,,See Califari Strains Clipper Northern Lights Photos HERE,,12.99,,RTL-02-A-US-CF-NL,RTL-02-A-US-CF-NL-MC,Clipper,Califari Strains Clipper,Califari Strains Clipper - Northern Lights,Clipper | Califari Strains Clipper | Califari Strains Clipper - Northern Lights,clipper califari strains clipper califari strains clipper northern lights | califari strains clipper | califari clipper,Toker Poker - CLIPPER,clipper,https://tokerpoker.com/collections/shop-all/products/clipper,100,Clipper 5 Pack,60,https://cdn.shopify.com/s/files/1/2665/6390/files/Black--Clipper---revamp_45682c8f-a0e8-4d02-8322-16c1b5da73b9.jpg?v=1763146697,https://cdn.shopify.com/s/files/1/2665/6390/files/Black--Clipper---revamp_45682c8f-a0e8-4d02-8322-16c1b5da73b9.jpg?v=1763146697 | https://cdn.shopify.com/s/files/1/2665/6390/files/Reg-Clipper-Flying-V---reflection.jpg?v=1763146697 | https://cdn.shopify.com/s/files/1/2665/6390/files/Carolina-Clipper---revamp_9769423b-d17b-4028-8103-e1a8f6da8de4.jpg?v=1763146697 | https://cdn.shopify.com/s/files/1/2665/6390/files/Army-Clipper---revamp_6e5c134b-879b-40f6-8067-68bcce322375.jpg?v=1763146697 | https://cdn.shopify.com/s/files/1/2665/6390/files/Magenta-Clipper---revamp_86fd95e4-44c5-4961-8d02-719fbffb4636.jpg?v=1763146909 | https://cdn.shopify.com/s/files/1/2665/6390/files/Lavender-Clipper---revamp_89b9daf0-2f90-418b-b07e-afdca051deb2.jpg?v=1763146909 | https://cdn.shopify.com/s/files/1/2665/6390/files/Orange-Clipper---revamp_78ded119-1750-4809-978b-62079f97e19f.jpg?v=1763146909 | https://cdn.shopify.com/s/files/1/2665/6390/files/Yellow-Clipper---revamp-2.jpg?v=1763146909 | https://cdn.shopify.com/s/files/1/2665/6390/files/Carolina-Clipper---revamp-2.jpg?v=1763146909,9,True,matched
Clipper,Califari Strains Clipper,Califari Strains Clipper - GS Cookies,Toker Poker,"1 piece = 2.875""x1.375""x0.75"", 0.8 oz.
1 case = 8""x18""x16"", 26 lbs.",500 pieces,"Piece: RTL-02-A-US-CF-GC
Case: RTL-02-A-US-CF-GC-MC",,810108341246,,10810108341243,4.2, $12.99/unit ,No,N/A,,See Califari Strains Clipper GS Cookies Photos HERE,,12.99,,RTL-02-A-US-CF-GC,RTL-02-A-US-CF-GC-MC,Clipper,Califari Strains Clipper,Califari Strains Clipper - GS Cookies,Clipper | Califari Strains Clipper | Califari Strains Clipper - GS Cookies,clipper califari strains clipper califari strains clipper gs cookies | califari strains clipper | califari clipper,Toker Poker - CLIPPER,clipper,https://tokerpoker.com/collections/shop-all/products/clipper,100,Clipper 5 Pack,60,https://cdn.shopify.com/s/files/1/2665/6390/files/Black--Clipper---revamp_45682c8f-a0e8-4d02-8322-16c1b5da73b9.jpg?v=1763146697,https://cdn.shopify.com/s/files/1/2665/6390/files/Black--Clipper---revamp_45682c8f-a0e8-4d02-8322-16c1b5da73b9.jpg?v=1763146697 | https://cdn.shopify.com/s/files/1/2665/6390/files/Reg-Clipper-Flying-V---reflection.jpg?v=1763146697 | https://cdn.shopify.com/s/files/1/2665/6390/files/Carolina-Clipper---revamp_9769423b-d17b-4028-8103-e1a8f6da8de4.jpg?v=1763146697 | https://cdn.shopify.com/s/files/1/2665/6390/files/Army-Clipper---revamp_6e5c134b-879b-40f6-8067-68bcce322375.jpg?v=1763146697 | https://cdn.shopify.com/s/files/1/2665/6390/files/Magenta-Clipper---revamp_86fd95e4-44c5-4961-8d02-719fbffb4636.jpg?v=1763146909 | https://cdn.shopify.com/s/files/1/2665/6390/files/Lavender-Clipper---revamp_89b9daf0-2f90-418b-b07e-afdca051deb2.jpg?v=1763146909 | https://cdn.shopify.com/s/files/1/2665/6390/files/Orange-Clipper---revamp_78ded119-1750-4809-978b-62079f97e19f.jpg?v=1763146909 | https://cdn.shopify.com/s/files/1/2665/6390/files/Yellow-Clipper---revamp-2.jpg?v=1763146909 | https://cdn.shopify.com/s/files/1/2665/6390/files/Carolina-Clipper---revamp-2.jpg?v=1763146909,9,True,matched
Clipper,Califari Strains Clipper,Califari Strains Clipper - Sour Diesel,Toker Poker,"1 piece = 2.875""x1.375""x0.75"", 0.8 oz.
1 case = 8""x18""x16"", 26 lbs.",500 pieces,"Piece: RTL-02-A-US-CF-SD
Case: RTL-02-A-US-CF-SD-MC",,810108341239,,10810108341236,4.2, $12.99/unit ,No,N/A,,See Califari Strains Clipper Sour Diesel Photos HERE,,12.99,,RTL-02-A-US-CF-SD,RTL-02-A-US-CF-SD-MC,Clipper,Califari Strains Clipper,Califari Strains Clipper - Sour Diesel,Clipper | Califari Strains Clipper | Califari Strains Clipper - Sour Diesel,clipper califari strains clipper califari strains clipper sour diesel | califari strains clipper | califari clipper,Toker Poker - CLIPPER,clipper,https://tokerpoker.com/collections/shop-all/products/clipper,100,Clipper 5 Pack,60,https://cdn.shopify.com/s/files/1/2665/6390/files/Black--Clipper---revamp_45682c8f-a0e8-4d02-8322-16c1b5da73b9.jpg?v=1763146697,https://cdn.shopify.com/s/files/1/2665/6390/files/Black--Clipper---revamp_45682c8f-a0e8-4d02-8322-16c1b5da73b9.jpg?v=1763146697 | https://cdn.shopify.com/s/files/1/2665/6390/files/Reg-Clipper-Flying-V---reflection.jpg?v=1763146697 | https://cdn.shopify.com/s/files/1/2665/6390/files/Carolina-Clipper---revamp_9769423b-d17b-4028-8103-e1a8f6da8de4.jpg?v=1763146697 | https://cdn.shopify.com/s/files/1/2665/6390/files/Army-Clipper---revamp_6e5c134b-879b-40f6-8067-68bcce322375.jpg?v=1763146697 | https://cdn.shopify.com/s/files/1/2665/6390/files/Magenta-Clipper---revamp_86fd95e4-44c5-4961-8d02-719fbffb4636.jpg?v=1763146909 | https://cdn.shopify.com/s/files/1/2665/6390/files/Lavender-Clipper---revamp_89b9daf0-2f90-418b-b07e-afdca051deb2.jpg?v=1763146909 | https://cdn.shopify.com/s/files/1/2665/6390/files/Orange-Clipper---revamp_78ded119-1750-4809-978b-62079f97e19f.jpg?v=1763146909 | https://cdn.shopify.com/s/files/1/2665/6390/files/Yellow-Clipper---revamp-2.jpg?v=1763146909 | https://cdn.shopify.com/s/files/1/2665/6390/files/Carolina-Clipper---revamp-2.jpg?v=1763146909,9,True,matched
Clipper,Califari Strains Clipper,Califari Strains Clipper - Grand Daddy Purple,Toker Poker,"1 piece = 2.875""x1.375""x0.75"", 0.8 oz.
1 case = 8""x18""x16"", 26 lbs.",500 pieces,"Piece: RTL-02-A-US-CF-GP
Case: RTL-02-A-US-GP-MC",,810108341260,,10810108341267,4.2, $12.99/unit ,No,N/A,,See Califari Strains Clipper Grand Daddy Purple Photos HERE,,12.99,,RTL-02-A-US-CF-GP,RTL-02-A-US-GP-MC,Clipper,Califari Strains Clipper,Califari Strains Clipper - Grand Daddy Purple,Clipper | Califari Strains Clipper | Califari Strains Clipper - Grand Daddy Purple,clipper califari strains clipper califari strains clipper grand daddy purple | califari strains clipper | califari clipper,Toker Poker - CLIPPER,clipper,https://tokerpoker.com/collections/shop-all/products/clipper,100,Clipper 5 Pack,60,https://cdn.shopify.com/s/files/1/2665/6390/files/Black--Clipper---revamp_45682c8f-a0e8-4d02-8322-16c1b5da73b9.jpg?v=1763146697,https://cdn.shopify.com/s/files/1/2665/6390/files/Black--Clipper---revamp_45682c8f-a0e8-4d02-8322-16c1b5da73b9.jpg?v=1763146697 | https://cdn.shopify.com/s/files/1/2665/6390/files/Reg-Clipper-Flying-V---reflection.jpg?v=1763146697 | https://cdn.shopify.com/s/files/1/2665/6390/files/Carolina-Clipper---revamp_9769423b-d17b-4028-8103-e1a8f6da8de4.jpg?v=1763146697 | https://cdn.shopify.com/s/files/1/2665/6390/files/Army-Clipper---revamp_6e5c134b-879b-40f6-8067-68bcce322375.jpg?v=1763146697 | https://cdn.shopify.com/s/files/1/2665/6390/files/Magenta-Clipper---revamp_86fd95e4-44c5-4961-8d02-719fbffb4636.jpg?v=1763146909 | https://cdn.shopify.com/s/files/1/2665/6390/files/Lavender-Clipper---revamp_89b9daf0-2f90-418b-b07e-afdca051deb2.jpg?v=1763146909 | https://cdn.shopify.com/s/files/1/2665/6390/files/Orange-Clipper---revamp_78ded119-1750-4809-978b-62079f97e19f.jpg?v=1763146909 | https://cdn.shopify.com/s/files/1/2665/6390/files/Yellow-Clipper---revamp-2.jpg?v=1763146909 | https://cdn.shopify.com/s/files/1/2665/6390/files/Carolina-Clipper---revamp-2.jpg?v=1763146909,9,True,matched
Clipper,Califari Strains Clipper,Califari Strains Clipper - Pineapple Express,Toker Poker,"1 piece = 2.875""x1.375""x0.75"", 0.8 oz.
1 case = 8""x18""x16"", 26 lbs.",500 pieces,"Piece: RTL-02-A-US-CF-PE
Case: RTL-02-A-US-CF-PE-MC",,810108341253,,10810108341250,4.2, $12.99/unit ,No,N/A,,See Califari Strains Clipper Pineapple Express Photos HERE,,12.99,,RTL-02-A-US-CF-PE,RTL-02-A-US-CF-PE-MC,Clipper,Califari Strains Clipper,Califari Strains Clipper - Pineapple Express,Clipper | Califari Strains Clipper | Califari Strains Clipper - Pineapple Express,clipper califari strains clipper califari strains clipper pineapple express | califari strains clipper | califari clipper,Toker Poker - CLIPPER,clipper,https://tokerpoker.com/collections/shop-all/products/clipper,100,Clipper 5 Pack,60,https://cdn.shopify.com/s/files/1/2665/6390/files/Black--Clipper---revamp_45682c8f-a0e8-4d02-8322-16c1b5da73b9.jpg?v=1763146697,https://cdn.shopify.com/s/files/1/2665/6390/files/Black--Clipper---revamp_45682c8f-a0e8-4d02-8322-16c1b5da73b9.jpg?v=1763146697 | https://cdn.shopify.com/s/files/1/2665/6390/files/Reg-Clipper-Flying-V---reflection.jpg?v=1763146697 | https://cdn.shopify.com/s/files/1/2665/6390/files/Carolina-Clipper---revamp_9769423b-d17b-4028-8103-e1a8f6da8de4.jpg?v=1763146697 | https://cdn.shopify.com/s/files/1/2665/6390/files/Army-Clipper---revamp_6e5c134b-879b-40f6-8067-68bcce322375.jpg?v=1763146697 | https://cdn.shopify.com/s/files/1/2665/6390/files/Magenta-Clipper---revamp_86fd95e4-44c5-4961-8d02-719fbffb4636.jpg?v=1763146909 | https://cdn.shopify.com/s/files/1/2665/6390/files/Lavender-Clipper---revamp_89b9daf0-2f90-418b-b07e-afdca051deb2.jpg?v=1763146909 | https://cdn.shopify.com/s/files/1/2665/6390/files/Orange-Clipper---revamp_78ded119-1750-4809-978b-62079f97e19f.jpg?v=1763146909 | https://cdn.shopify.com/s/files/1/2665/6390/files/Yellow-Clipper---revamp-2.jpg?v=1763146909 | https://cdn.shopify.com/s/files/1/2665/6390/files/Carolina-Clipper---revamp-2.jpg?v=1763146909,9,True,matched
Clipper,Shroomies Clipper,Shroomies Clipper - Double Dose,Toker Poker,"1 piece = 2.875""x1.375""x0.75"", 0.8 oz.
1 case = 8""x18""x16"", 26 lbs.",500 pieces,"Piece: RTL-02-A-US-SH-DD
Case: RTL-02-A-US-SH-DD-MC",,810108341956,,10810108341953,4.2, $12.99/unit ,Yes,$13.99,,,,12.99,13.99,RTL-02-A-US-SH-DD,RTL-02-A-US-SH-DD-MC,Clipper,Shroomies Clipper,Shroomies Clipper - Double Dose,Clipper | Shroomies Clipper | Shroomies Clipper - Double Dose,clipper shroomies clipper shroomies clipper double dose,Toker Poker - CLIPPER,clipper,https://tokerpoker.com/collections/shop-all/products/clipper,100,Clipper 5 Pack,50,https://cdn.shopify.com/s/files/1/2665/6390/files/Black--Clipper---revamp_45682c8f-a0e8-4d02-8322-16c1b5da73b9.jpg?v=1763146697,https://cdn.shopify.com/s/files/1/2665/6390/files/Black--Clipper---revamp_45682c8f-a0e8-4d02-8322-16c1b5da73b9.jpg?v=1763146697 | https://cdn.shopify.com/s/files/1/2665/6390/files/Reg-Clipper-Flying-V---reflection.jpg?v=1763146697 | https://cdn.shopify.com/s/files/1/2665/6390/files/Carolina-Clipper---revamp_9769423b-d17b-4028-8103-e1a8f6da8de4.jpg?v=1763146697 | https://cdn.shopify.com/s/files/1/2665/6390/files/Army-Clipper---revamp_6e5c134b-879b-40f6-8067-68bcce322375.jpg?v=1763146697 | https://cdn.shopify.com/s/files/1/2665/6390/files/Magenta-Clipper---revamp_86fd95e4-44c5-4961-8d02-719fbffb4636.jpg?v=1763146909 | https://cdn.shopify.com/s/files/1/2665/6390/files/Lavender-Clipper---revamp_89b9daf0-2f90-418b-b07e-afdca051deb2.jpg?v=1763146909 | https://cdn.shopify.com/s/files/1/2665/6390/files/Orange-Clipper---revamp_78ded119-1750-4809-978b-62079f97e19f.jpg?v=1763146909 | https://cdn.shopify.com/s/files/1/2665/6390/files/Yellow-Clipper---revamp-2.jpg?v=1763146909 | https://cdn.shopify.com/s/files/1/2665/6390/files/Carolina-Clipper---revamp-2.jpg?v=1763146909,9,True,matched
Clipper,Shroomies Clipper,Shroomies Clipper - Night Trippin,Toker Poker,"1 piece = 2.875""x1.375""x0.75"", 0.8 oz.
1 case = 8""x18""x16"", 26 lbs.",500 pieces,"Piece: RTL-02-A-US-SH-NT
Case: RTL-02-A-US-SH-NT-MC",,810108341949,,10810108341946,4.2, $12.99/unit ,Yes,$13.99,,,,12.99,13.99,RTL-02-A-US-SH-NT,RTL-02-A-US-SH-NT-MC,Clipper,Shroomies Clipper,Shroomies Clipper - Night Trippin,Clipper | Shroomies Clipper | Shroomies Clipper - Night Trippin,clipper shroomies clipper shroomies clipper night trippin,Toker Poker - CLIPPER,clipper,https://tokerpoker.com/collections/shop-all/products/clipper,100,Clipper 5 Pack,50,https://cdn.shopify.com/s/files/1/2665/6390/files/Black--Clipper---revamp_45682c8f-a0e8-4d02-8322-16c1b5da73b9.jpg?v=1763146697,https://cdn.shopify.com/s/files/1/2665/6390/files/Black--Clipper---revamp_45682c8f-a0e8-4d02-8322-16c1b5da73b9.jpg?v=1763146697 | https://cdn.shopify.com/s/files/1/2665/6390/files/Reg-Clipper-Flying-V---reflection.jpg?v=1763146697 | https://cdn.shopify.com/s/files/1/2665/6390/files/Carolina-Clipper---revamp_9769423b-d17b-4028-8103-e1a8f6da8de4.jpg?v=1763146697 | https://cdn.shopify.com/s/files/1/2665/6390/files/Army-Clipper---revamp_6e5c134b-879b-40f6-8067-68bcce322375.jpg?v=1763146697 | https://cdn.shopify.com/s/files/1/2665/6390/files/Magenta-Clipper---revamp_86fd95e4-44c5-4961-8d02-719fbffb4636.jpg?v=1763146909 | https://cdn.shopify.com/s/files/1/2665/6390/files/Lavender-Clipper---revamp_89b9daf0-2f90-418b-b07e-afdca051deb2.jpg?v=1763146909 | https://cdn.shopify.com/s/files/1/2665/6390/files/Orange-Clipper---revamp_78ded119-1750-4809-978b-62079f97e19f.jpg?v=1763146909 | https://cdn.shopify.com/s/files/1/2665/6390/files/Yellow-Clipper---revamp-2.jpg?v=1763146909 | https://cdn.shopify.com/s/files/1/2665/6390/files/Carolina-Clipper---revamp-2.jpg?v=1763146909,9,True,matched
Clipper,Shroomies Clipper,Shroomies Clipper - Fun Guy,Toker Poker,"1 piece = 2.875""x1.375""x0.75"", 0.8 oz.
1 case = 8""x18""x16"", 26 lbs.",500 pieces,"Piece: RTL-02-A-US-SH-FG
Case: RTL-02-A-US-SH-FG-MC",,810108341918,,10810108341915,4.2, $12.99/unit ,Yes,$13.99,,,,12.99,13.99,RTL-02-A-US-SH-FG,RTL-02-A-US-SH-FG-MC,Clipper,Shroomies Clipper,Shroomies Clipper - Fun Guy,Clipper | Shroomies Clipper | Shroomies Clipper - Fun Guy,clipper shroomies clipper shroomies clipper fun guy,Toker Poker - CLIPPER,clipper,https://tokerpoker.com/collections/shop-all/products/clipper,100,Clipper 5 Pack,51,https://cdn.shopify.com/s/files/1/2665/6390/files/Black--Clipper---revamp_45682c8f-a0e8-4d02-8322-16c1b5da73b9.jpg?v=1763146697,https://cdn.shopify.com/s/files/1/2665/6390/files/Black--Clipper---revamp_45682c8f-a0e8-4d02-8322-16c1b5da73b9.jpg?v=1763146697 | https://cdn.shopify.com/s/files/1/2665/6390/files/Reg-Clipper-Flying-V---reflection.jpg?v=1763146697 | https://cdn.shopify.com/s/files/1/2665/6390/files/Carolina-Clipper---revamp_9769423b-d17b-4028-8103-e1a8f6da8de4.jpg?v=1763146697 | https://cdn.shopify.com/s/files/1/2665/6390/files/Army-Clipper---revamp_6e5c134b-879b-40f6-8067-68bcce322375.jpg?v=1763146697 | https://cdn.shopify.com/s/files/1/2665/6390/files/Magenta-Clipper---revamp_86fd95e4-44c5-4961-8d02-719fbffb4636.jpg?v=1763146909 | https://cdn.shopify.com/s/files/1/2665/6390/files/Lavender-Clipper---revamp_89b9daf0-2f90-418b-b07e-afdca051deb2.jpg?v=1763146909 | https://cdn.shopify.com/s/files/1/2665/6390/files/Orange-Clipper---revamp_78ded119-1750-4809-978b-62079f97e19f.jpg?v=1763146909 | https://cdn.shopify.com/s/files/1/2665/6390/files/Yellow-Clipper---revamp-2.jpg?v=1763146909 | https://cdn.shopify.com/s/files/1/2665/6390/files/Carolina-Clipper---revamp-2.jpg?v=1763146909,9,True,matched
Clipper,Shroomies Clipper,Shroomies Clipper - Golden Teacher,Toker Poker,"1 piece = 2.875""x1.375""x0.75"", 0.8 oz.
1 case = 8""x18""x16"", 26 lbs.",500 pieces,"Piece: RTL-02-A-US-SH-GT
Case: RTL-02-A-US-SH-GT-MC",,810108341932,,10810108341939,4.2, $12.99/unit ,Yes,$13.99,,,,12.99,13.99,RTL-02-A-US-SH-GT,RTL-02-A-US-SH-GT-MC,Clipper,Shroomies Clipper,Shroomies Clipper - Golden Teacher,Clipper | Shroomies Clipper | Shroomies Clipper - Golden Teacher,clipper shroomies clipper shroomies clipper golden teacher,Toker Poker - CLIPPER,clipper,https://tokerpoker.com/collections/shop-all/products/clipper,100,Clipper 5 Pack,51,https://cdn.shopify.com/s/files/1/2665/6390/files/Black--Clipper---revamp_45682c8f-a0e8-4d02-8322-16c1b5da73b9.jpg?v=1763146697,https://cdn.shopify.com/s/files/1/2665/6390/files/Black--Clipper---revamp_45682c8f-a0e8-4d02-8322-16c1b5da73b9.jpg?v=1763146697 | https://cdn.shopify.com/s/files/1/2665/6390/files/Reg-Clipper-Flying-V---reflection.jpg?v=1763146697 | https://cdn.shopify.com/s/files/1/2665/6390/files/Carolina-Clipper---revamp_9769423b-d17b-4028-8103-e1a8f6da8de4.jpg?v=1763146697 | https://cdn.shopify.com/s/files/1/2665/6390/files/Army-Clipper---revamp_6e5c134b-879b-40f6-8067-68bcce322375.jpg?v=1763146697 | https://cdn.shopify.com/s/files/1/2665/6390/files/Magenta-Clipper---revamp_86fd95e4-44c5-4961-8d02-719fbffb4636.jpg?v=1763146909 | https://cdn.shopify.com/s/files/1/2665/6390/files/Lavender-Clipper---revamp_89b9daf0-2f90-418b-b07e-afdca051deb2.jpg?v=1763146909 | https://cdn.shopify.com/s/files/1/2665/6390/files/Orange-Clipper---revamp_78ded119-1750-4809-978b-62079f97e19f.jpg?v=1763146909 | https://cdn.shopify.com/s/files/1/2665/6390/files/Yellow-Clipper---revamp-2.jpg?v=1763146909 | https://cdn.shopify.com/s/files/1/2665/6390/files/Carolina-Clipper---revamp-2.jpg?v=1763146909,9,True,matched
Clipper,Shroomies Clipper,Shroomies Clipper - Toadstool,Toker Poker,"1 piece = 2.875""x1.375""x0.75"", 0.8 oz.
1 case = 8""x18""x16"", 26 lbs.",500 pieces,"Piece: RTL-02-A-US-SH-TS
Case: RTL-02-A-US-SH-TS-MC",,810108341925,,10810108341922,4.2, $12.99/unit ,Yes,$13.99,,,,12.99,13.99,RTL-02-A-US-SH-TS,RTL-02-A-US-SH-TS-MC,Clipper,Shroomies Clipper,Shroomies Clipper - Toadstool,Clipper | Shroomies Clipper | Shroomies Clipper - Toadstool,clipper shroomies clipper shroomies clipper toadstool,Toker Poker - CLIPPER,clipper,https://tokerpoker.com/collections/shop-all/products/clipper,100,Clipper 5 Pack,50,https://cdn.shopify.com/s/files/1/2665/6390/files/Black--Clipper---revamp_45682c8f-a0e8-4d02-8322-16c1b5da73b9.jpg?v=1763146697,https://cdn.shopify.com/s/files/1/2665/6390/files/Black--Clipper---revamp_45682c8f-a0e8-4d02-8322-16c1b5da73b9.jpg?v=1763146697 | https://cdn.shopify.com/s/files/1/2665/6390/files/Reg-Clipper-Flying-V---reflection.jpg?v=1763146697 | https://cdn.shopify.com/s/files/1/2665/6390/files/Carolina-Clipper---revamp_9769423b-d17b-4028-8103-e1a8f6da8de4.jpg?v=1763146697 | https://cdn.shopify.com/s/files/1/2665/6390/files/Army-Clipper---revamp_6e5c134b-879b-40f6-8067-68bcce322375.jpg?v=1763146697 | https://cdn.shopify.com/s/files/1/2665/6390/files/Magenta-Clipper---revamp_86fd95e4-44c5-4961-8d02-719fbffb4636.jpg?v=1763146909 | https://cdn.shopify.com/s/files/1/2665/6390/files/Lavender-Clipper---revamp_89b9daf0-2f90-418b-b07e-afdca051deb2.jpg?v=1763146909 | https://cdn.shopify.com/s/files/1/2665/6390/files/Orange-Clipper---revamp_78ded119-1750-4809-978b-62079f97e19f.jpg?v=1763146909 | https://cdn.shopify.com/s/files/1/2665/6390/files/Yellow-Clipper---revamp-2.jpg?v=1763146909 | https://cdn.shopify.com/s/files/1/2665/6390/files/Carolina-Clipper---revamp-2.jpg?v=1763146909,9,True,matched
Clipper,Four Twenty Clipper ,Four Twenty Clipper - Beach Dance,Toker Poker,"1 piece = 2.875""x1.375""x0.75"", 0.8 oz.
1 case = 8""x18""x16"", 26 lbs.",500 pieces,"Piece: RTL-02-A-US-FT-BD
Case: RTL-02-A-US-FT-BD-MC",,810108342007,,10810108342004,4.2, $12.99/unit ,No,N/A,,,,12.99,,RTL-02-A-US-FT-BD,RTL-02-A-US-FT-BD-MC,Clipper,Four Twenty Clipper,Four Twenty Clipper - Beach Dance,Clipper | Four Twenty Clipper | Four Twenty Clipper - Beach Dance,clipper four twenty clipper four twenty clipper beach dance,Toker Poker - CLIPPER,clipper,https://tokerpoker.com/collections/shop-all/products/clipper,100,Clipper 5 Pack,57,https://cdn.shopify.com/s/files/1/2665/6390/files/Black--Clipper---revamp_45682c8f-a0e8-4d02-8322-16c1b5da73b9.jpg?v=1763146697,https://cdn.shopify.com/s/files/1/2665/6390/files/Black--Clipper---revamp_45682c8f-a0e8-4d02-8322-16c1b5da73b9.jpg?v=1763146697 | https://cdn.shopify.com/s/files/1/2665/6390/files/Reg-Clipper-Flying-V---reflection.jpg?v=1763146697 | https://cdn.shopify.com/s/files/1/2665/6390/files/Carolina-Clipper---revamp_9769423b-d17b-4028-8103-e1a8f6da8de4.jpg?v=1763146697 | https://cdn.shopify.com/s/files/1/2665/6390/files/Army-Clipper---revamp_6e5c134b-879b-40f6-8067-68bcce322375.jpg?v=1763146697 | https://cdn.shopify.com/s/files/1/2665/6390/files/Magenta-Clipper---revamp_86fd95e4-44c5-4961-8d02-719fbffb4636.jpg?v=1763146909 | https://cdn.shopify.com/s/files/1/2665/6390/files/Lavender-Clipper---revamp_89b9daf0-2f90-418b-b07e-afdca051deb2.jpg?v=1763146909 | https://cdn.shopify.com/s/files/1/2665/6390/files/Orange-Clipper---revamp_78ded119-1750-4809-978b-62079f97e19f.jpg?v=1763146909 | https://cdn.shopify.com/s/files/1/2665/6390/files/Yellow-Clipper---revamp-2.jpg?v=1763146909 | https://cdn.shopify.com/s/files/1/2665/6390/files/Carolina-Clipper---revamp-2.jpg?v=1763146909,9,True,matched
Clipper,Four Twenty Clipper ,Four Twenty Clipper - Electric Haze,Toker Poker,"1 piece = 2.875""x1.375""x0.75"", 0.8 oz.
1 case = 8""x18""x16"", 26 lbs.",500 pieces,"Piece: RTL-02-A-US-FT-EH
Case: RTL-02-A-US-FT-EH-MC",,810108341994,,10810108341991,4.2, $12.99/unit ,No,N/A,,,,12.99,,RTL-02-A-US-FT-EH,RTL-02-A-US-FT-EH-MC,Clipper,Four Twenty Clipper,Four Twenty Clipper - Electric Haze,Clipper | Four Twenty Clipper | Four Twenty Clipper - Electric Haze,clipper four twenty clipper four twenty clipper electric haze,Toker Poker - CLIPPER,clipper,https://tokerpoker.com/collections/shop-all/products/clipper,100,Clipper 5 Pack,54,https://cdn.shopify.com/s/files/1/2665/6390/files/Black--Clipper---revamp_45682c8f-a0e8-4d02-8322-16c1b5da73b9.jpg?v=1763146697,https://cdn.shopify.com/s/files/1/2665/6390/files/Black--Clipper---revamp_45682c8f-a0e8-4d02-8322-16c1b5da73b9.jpg?v=1763146697 | https://cdn.shopify.com/s/files/1/2665/6390/files/Reg-Clipper-Flying-V---reflection.jpg?v=1763146697 | https://cdn.shopify.com/s/files/1/2665/6390/files/Carolina-Clipper---revamp_9769423b-d17b-4028-8103-e1a8f6da8de4.jpg?v=1763146697 | https://cdn.shopify.com/s/files/1/2665/6390/files/Army-Clipper---revamp_6e5c134b-879b-40f6-8067-68bcce322375.jpg?v=1763146697 | https://cdn.shopify.com/s/files/1/2665/6390/files/Magenta-Clipper---revamp_86fd95e4-44c5-4961-8d02-719fbffb4636.jpg?v=1763146909 | https://cdn.shopify.com/s/files/1/2665/6390/files/Lavender-Clipper---revamp_89b9daf0-2f90-418b-b07e-afdca051deb2.jpg?v=1763146909 | https://cdn.shopify.com/s/files/1/2665/6390/files/Orange-Clipper---revamp_78ded119-1750-4809-978b-62079f97e19f.jpg?v=1763146909 | https://cdn.shopify.com/s/files/1/2665/6390/files/Yellow-Clipper---revamp-2.jpg?v=1763146909 | https://cdn.shopify.com/s/files/1/2665/6390/files/Carolina-Clipper---revamp-2.jpg?v=1763146909,9,True,matched
Clipper,Four Twenty Clipper ,Four Twenty Clipper - Rasta,Toker Poker,"1 piece = 2.875""x1.375""x0.75"", 0.8 oz.
1 case = 8""x18""x16"", 26 lbs.",500 pieces,"Piece: RTL-02-A-US-FT-RA
Case: RTL-02-A-US-FT-RA-MC",,810108341987,,10810108341984,4.2, $12.99/unit ,No,N/A,,,,12.99,,RTL-02-A-US-FT-RA,RTL-02-A-US-FT-RA-MC,Clipper,Four Twenty Clipper,Four Twenty Clipper - Rasta,Clipper | Four Twenty Clipper | Four Twenty Clipper - Rasta,clipper four twenty clipper four twenty clipper rasta,Toker Poker - CLIPPER,clipper,https://tokerpoker.com/collections/shop-all/products/clipper,100,Clipper 5 Pack,56,https://cdn.shopify.com/s/files/1/2665/6390/files/Black--Clipper---revamp_45682c8f-a0e8-4d02-8322-16c1b5da73b9.jpg?v=1763146697,https://cdn.shopify.com/s/files/1/2665/6390/files/Black--Clipper---revamp_45682c8f-a0e8-4d02-8322-16c1b5da73b9.jpg?v=1763146697 | https://cdn.shopify.com/s/files/1/2665/6390/files/Reg-Clipper-Flying-V---reflection.jpg?v=1763146697 | https://cdn.shopify.com/s/files/1/2665/6390/files/Carolina-Clipper---revamp_9769423b-d17b-4028-8103-e1a8f6da8de4.jpg?v=1763146697 | https://cdn.shopify.com/s/files/1/2665/6390/files/Army-Clipper---revamp_6e5c134b-879b-40f6-8067-68bcce322375.jpg?v=1763146697 | https://cdn.shopify.com/s/files/1/2665/6390/files/Magenta-Clipper---revamp_86fd95e4-44c5-4961-8d02-719fbffb4636.jpg?v=1763146909 | https://cdn.shopify.com/s/files/1/2665/6390/files/Lavender-Clipper---revamp_89b9daf0-2f90-418b-b07e-afdca051deb2.jpg?v=1763146909 | https://cdn.shopify.com/s/files/1/2665/6390/files/Orange-Clipper---revamp_78ded119-1750-4809-978b-62079f97e19f.jpg?v=1763146909 | https://cdn.shopify.com/s/files/1/2665/6390/files/Yellow-Clipper---revamp-2.jpg?v=1763146909 | https://cdn.shopify.com/s/files/1/2665/6390/files/Carolina-Clipper---revamp-2.jpg?v=1763146909,9,True,matched
Clipper,Four Twenty Clipper ,Four Twenty Clipper - Tropical Groove,Toker Poker,"1 piece = 2.875""x1.375""x0.75"", 0.8 oz.
1 case = 8""x18""x16"", 26 lbs.",500 pieces,"Piece: RTL-02-A-US-FT-TG
Case: RTL-02-A-US-FT-TG-MC",,810108341963,,10810108341960,4.2, $12.99/unit ,No,N/A,,,,12.99,,RTL-02-A-US-FT-TG,RTL-02-A-US-FT-TG-MC,Clipper,Four Twenty Clipper,Four Twenty Clipper - Tropical Groove,Clipper | Four Twenty Clipper | Four Twenty Clipper - Tropical Groove,clipper four twenty clipper four twenty clipper tropical groove,Toker Poker - CLIPPER,clipper,https://tokerpoker.com/collections/shop-all/products/clipper,100,Clipper 5 Pack,54,https://cdn.shopify.com/s/files/1/2665/6390/files/Black--Clipper---revamp_45682c8f-a0e8-4d02-8322-16c1b5da73b9.jpg?v=1763146697,https://cdn.shopify.com/s/files/1/2665/6390/files/Black--Clipper---revamp_45682c8f-a0e8-4d02-8322-16c1b5da73b9.jpg?v=1763146697 | https://cdn.shopify.com/s/files/1/2665/6390/files/Reg-Clipper-Flying-V---reflection.jpg?v=1763146697 | https://cdn.shopify.com/s/files/1/2665/6390/files/Carolina-Clipper---revamp_9769423b-d17b-4028-8103-e1a8f6da8de4.jpg?v=1763146697 | https://cdn.shopify.com/s/files/1/2665/6390/files/Army-Clipper---revamp_6e5c134b-879b-40f6-8067-68bcce322375.jpg?v=1763146697 | https://cdn.shopify.com/s/files/1/2665/6390/files/Magenta-Clipper---revamp_86fd95e4-44c5-4961-8d02-719fbffb4636.jpg?v=1763146909 | https://cdn.shopify.com/s/files/1/2665/6390/files/Lavender-Clipper---revamp_89b9daf0-2f90-418b-b07e-afdca051deb2.jpg?v=1763146909 | https://cdn.shopify.com/s/files/1/2665/6390/files/Orange-Clipper---revamp_78ded119-1750-4809-978b-62079f97e19f.jpg?v=1763146909 | https://cdn.shopify.com/s/files/1/2665/6390/files/Yellow-Clipper---revamp-2.jpg?v=1763146909 | https://cdn.shopify.com/s/files/1/2665/6390/files/Carolina-Clipper---revamp-2.jpg?v=1763146909,9,True,matched
Clipper,Four Twenty Clipper ,Four Twenty Clipper - Wild,Toker Poker,"1 piece = 2.875""x1.375""x0.75"", 0.8 oz.
1 case = 8""x18""x16"", 26 lbs.",500 pieces,"Piece: RTL-02-A-US-FT-WD
Case: RTL-02-A-US-FT-WD-MC",,810108341970,,10810108341977,4.2, $12.99/unit ,No,N/A,,,,12.99,,RTL-02-A-US-FT-WD,RTL-02-A-US-FT-WD-MC,Clipper,Four Twenty Clipper,Four Twenty Clipper - Wild,Clipper | Four Twenty Clipper | Four Twenty Clipper - Wild,clipper four twenty clipper four twenty clipper wild,Toker Poker - CLIPPER,clipper,https://tokerpoker.com/collections/shop-all/products/clipper,100,Clipper 5 Pack,54,https://cdn.shopify.com/s/files/1/2665/6390/files/Black--Clipper---revamp_45682c8f-a0e8-4d02-8322-16c1b5da73b9.jpg?v=1763146697,https://cdn.shopify.com/s/files/1/2665/6390/files/Black--Clipper---revamp_45682c8f-a0e8-4d02-8322-16c1b5da73b9.jpg?v=1763146697 | https://cdn.shopify.com/s/files/1/2665/6390/files/Reg-Clipper-Flying-V---reflection.jpg?v=1763146697 | https://cdn.shopify.com/s/files/1/2665/6390/files/Carolina-Clipper---revamp_9769423b-d17b-4028-8103-e1a8f6da8de4.jpg?v=1763146697 | https://cdn.shopify.com/s/files/1/2665/6390/files/Army-Clipper---revamp_6e5c134b-879b-40f6-8067-68bcce322375.jpg?v=1763146697 | https://cdn.shopify.com/s/files/1/2665/6390/files/Magenta-Clipper---revamp_86fd95e4-44c5-4961-8d02-719fbffb4636.jpg?v=1763146909 | https://cdn.shopify.com/s/files/1/2665/6390/files/Lavender-Clipper---revamp_89b9daf0-2f90-418b-b07e-afdca051deb2.jpg?v=1763146909 | https://cdn.shopify.com/s/files/1/2665/6390/files/Orange-Clipper---revamp_78ded119-1750-4809-978b-62079f97e19f.jpg?v=1763146909 | https://cdn.shopify.com/s/files/1/2665/6390/files/Yellow-Clipper---revamp-2.jpg?v=1763146909 | https://cdn.shopify.com/s/files/1/2665/6390/files/Carolina-Clipper---revamp-2.jpg?v=1763146909,9,True,matched
Clipper,Trippy Hippy Clipper ,Trippy Hippy Clipper - Happy Hippy,Toker Poker,"1 piece = 2.875""x1.375""x0.75"", 0.8 oz.
1 case = 8""x18""x16"", 26 lbs.",500 pieces,"Piece: RTL-02-A-US-TH-HH
Case: RTL-02-A-US-TH-HH-MC",,810108342045,,10810108342042,4.2, $12.99/unit ,Yes,$13.99,,,,12.99,13.99,RTL-02-A-US-TH-HH,RTL-02-A-US-TH-HH-MC,Clipper,Trippy Hippy Clipper,Trippy Hippy Clipper - Happy Hippy,Clipper | Trippy Hippy Clipper | Trippy Hippy Clipper - Happy Hippy,clipper trippy hippy clipper trippy hippy clipper happy hippy,Toker Poker - CLIPPER,clipper,https://tokerpoker.com/collections/shop-all/products/clipper,100,Clipper 5 Pack,49,https://cdn.shopify.com/s/files/1/2665/6390/files/Black--Clipper---revamp_45682c8f-a0e8-4d02-8322-16c1b5da73b9.jpg?v=1763146697,https://cdn.shopify.com/s/files/1/2665/6390/files/Black--Clipper---revamp_45682c8f-a0e8-4d02-8322-16c1b5da73b9.jpg?v=1763146697 | https://cdn.shopify.com/s/files/1/2665/6390/files/Reg-Clipper-Flying-V---reflection.jpg?v=1763146697 | https://cdn.shopify.com/s/files/1/2665/6390/files/Carolina-Clipper---revamp_9769423b-d17b-4028-8103-e1a8f6da8de4.jpg?v=1763146697 | https://cdn.shopify.com/s/files/1/2665/6390/files/Army-Clipper---revamp_6e5c134b-879b-40f6-8067-68bcce322375.jpg?v=1763146697 | https://cdn.shopify.com/s/files/1/2665/6390/files/Magenta-Clipper---revamp_86fd95e4-44c5-4961-8d02-719fbffb4636.jpg?v=1763146909 | https://cdn.shopify.com/s/files/1/2665/6390/files/Lavender-Clipper---revamp_89b9daf0-2f90-418b-b07e-afdca051deb2.jpg?v=1763146909 | https://cdn.shopify.com/s/files/1/2665/6390/files/Orange-Clipper---revamp_78ded119-1750-4809-978b-62079f97e19f.jpg?v=1763146909 | https://cdn.shopify.com/s/files/1/2665/6390/files/Yellow-Clipper---revamp-2.jpg?v=1763146909 | https://cdn.shopify.com/s/files/1/2665/6390/files/Carolina-Clipper---revamp-2.jpg?v=1763146909,9,True,matched
Clipper,Trippy Hippy Clipper ,Trippy Hippy Clipper - Road Trip,Toker Poker,"1 piece = 2.875""x1.375""x0.75"", 0.8 oz.
1 case = 8""x18""x16"", 26 lbs.",500 pieces,"Piece: RTL-02-A-US-TH-RT
Case: RTL-02-A-US-TH-RT-MC",,810108342021,,10810108342028,4.2, $12.99/unit ,Yes,$13.99,,,,12.99,13.99,RTL-02-A-US-TH-RT,RTL-02-A-US-TH-RT-MC,Clipper,Trippy Hippy Clipper,Trippy Hippy Clipper - Road Trip,Clipper | Trippy Hippy Clipper | Trippy Hippy Clipper - Road Trip,clipper trippy hippy clipper trippy hippy clipper road trip,Toker Poker - CLIPPER,clipper,https://tokerpoker.com/collections/shop-all/products/clipper,100,Clipper 5 Pack,50,https://cdn.shopify.com/s/files/1/2665/6390/files/Black--Clipper---revamp_45682c8f-a0e8-4d02-8322-16c1b5da73b9.jpg?v=1763146697,https://cdn.shopify.com/s/files/1/2665/6390/files/Black--Clipper---revamp_45682c8f-a0e8-4d02-8322-16c1b5da73b9.jpg?v=1763146697 | https://cdn.shopify.com/s/files/1/2665/6390/files/Reg-Clipper-Flying-V---reflection.jpg?v=1763146697 | https://cdn.shopify.com/s/files/1/2665/6390/files/Carolina-Clipper---revamp_9769423b-d17b-4028-8103-e1a8f6da8de4.jpg?v=1763146697 | https://cdn.shopify.com/s/files/1/2665/6390/files/Army-Clipper---revamp_6e5c134b-879b-40f6-8067-68bcce322375.jpg?v=1763146697 | https://cdn.shopify.com/s/files/1/2665/6390/files/Magenta-Clipper---revamp_86fd95e4-44c5-4961-8d02-719fbffb4636.jpg?v=1763146909 | https://cdn.shopify.com/s/files/1/2665/6390/files/Lavender-Clipper---revamp_89b9daf0-2f90-418b-b07e-afdca051deb2.jpg?v=1763146909 | https://cdn.shopify.com/s/files/1/2665/6390/files/Orange-Clipper---revamp_78ded119-1750-4809-978b-62079f97e19f.jpg?v=1763146909 | https://cdn.shopify.com/s/files/1/2665/6390/files/Yellow-Clipper---revamp-2.jpg?v=1763146909 | https://cdn.shopify.com/s/files/1/2665/6390/files/Carolina-Clipper---revamp-2.jpg?v=1763146909,9,True,matched
Clipper,Trippy Hippy Clipper ,Trippy Hippy Clipper - Leafy,Toker Poker,"1 piece = 2.875""x1.375""x0.75"", 0.8 oz.
1 case = 8""x18""x16"", 26 lbs.",500 pieces,"Piece: RTL-02-A-US-TH-LF
Case: RTL-02-A-US-TH-LF-MC",,810108342014,,10810108342011,4.2, $12.99/unit ,Yes,$13.99,,,,12.99,13.99,RTL-02-A-US-TH-LF,RTL-02-A-US-TH-LF-MC,Clipper,Trippy Hippy Clipper,Trippy Hippy Clipper - Leafy,Clipper | Trippy Hippy Clipper | Trippy Hippy Clipper - Leafy,clipper trippy hippy clipper trippy hippy clipper leafy,Toker Poker - CLIPPER,clipper,https://tokerpoker.com/collections/shop-all/products/clipper,100,Clipper 5 Pack,51,https://cdn.shopify.com/s/files/1/2665/6390/files/Black--Clipper---revamp_45682c8f-a0e8-4d02-8322-16c1b5da73b9.jpg?v=1763146697,https://cdn.shopify.com/s/files/1/2665/6390/files/Black--Clipper---revamp_45682c8f-a0e8-4d02-8322-16c1b5da73b9.jpg?v=1763146697 | https://cdn.shopify.com/s/files/1/2665/6390/files/Reg-Clipper-Flying-V---reflection.jpg?v=1763146697 | https://cdn.shopify.com/s/files/1/2665/6390/files/Carolina-Clipper---revamp_9769423b-d17b-4028-8103-e1a8f6da8de4.jpg?v=1763146697 | https://cdn.shopify.com/s/files/1/2665/6390/files/Army-Clipper---revamp_6e5c134b-879b-40f6-8067-68bcce322375.jpg?v=1763146697 | https://cdn.shopify.com/s/files/1/2665/6390/files/Magenta-Clipper---revamp_86fd95e4-44c5-4961-8d02-719fbffb4636.jpg?v=1763146909 | https://cdn.shopify.com/s/files/1/2665/6390/files/Lavender-Clipper---revamp_89b9daf0-2f90-418b-b07e-afdca051deb2.jpg?v=1763146909 | https://cdn.shopify.com/s/files/1/2665/6390/files/Orange-Clipper---revamp_78ded119-1750-4809-978b-62079f97e19f.jpg?v=1763146909 | https://cdn.shopify.com/s/files/1/2665/6390/files/Yellow-Clipper---revamp-2.jpg?v=1763146909 | https://cdn.shopify.com/s/files/1/2665/6390/files/Carolina-Clipper---revamp-2.jpg?v=1763146909,9,True,matched
Clipper,Trippy Hippy Clipper ,Trippy Hippy Clipper - Tie Dye,Toker Poker,"1 piece = 2.875""x1.375""x0.75"", 0.8 oz.
1 case = 8""x18""x16"", 26 lbs.",500 pieces,"Piece: RTL-02-A-US-TH-TD
Case: RTL-02-A-US-TH-TD-MC",,810108342052,,10810108342059,4.2, $12.99/unit ,Yes,$13.99,,,,12.99,13.99,RTL-02-A-US-TH-TD,RTL-02-A-US-TH-TD-MC,Clipper,Trippy Hippy Clipper,Trippy Hippy Clipper - Tie Dye,Clipper | Trippy Hippy Clipper | Trippy Hippy Clipper - Tie Dye,clipper trippy hippy clipper trippy hippy clipper tie dye,Toker Poker - CLIPPER,clipper,https://tokerpoker.com/collections/shop-all/products/clipper,100,Clipper 5 Pack,48,https://cdn.shopify.com/s/files/1/2665/6390/files/Black--Clipper---revamp_45682c8f-a0e8-4d02-8322-16c1b5da73b9.jpg?v=1763146697,https://cdn.shopify.com/s/files/1/2665/6390/files/Black--Clipper---revamp_45682c8f-a0e8-4d02-8322-16c1b5da73b9.jpg?v=1763146697 | https://cdn.shopify.com/s/files/1/2665/6390/files/Reg-Clipper-Flying-V---reflection.jpg?v=1763146697 | https://cdn.shopify.com/s/files/1/2665/6390/files/Carolina-Clipper---revamp_9769423b-d17b-4028-8103-e1a8f6da8de4.jpg?v=1763146697 | https://cdn.shopify.com/s/files/1/2665/6390/files/Army-Clipper---revamp_6e5c134b-879b-40f6-8067-68bcce322375.jpg?v=1763146697 | https://cdn.shopify.com/s/files/1/2665/6390/files/Magenta-Clipper---revamp_86fd95e4-44c5-4961-8d02-719fbffb4636.jpg?v=1763146909 | https://cdn.shopify.com/s/files/1/2665/6390/files/Lavender-Clipper---revamp_89b9daf0-2f90-418b-b07e-afdca051deb2.jpg?v=1763146909 | https://cdn.shopify.com/s/files/1/2665/6390/files/Orange-Clipper---revamp_78ded119-1750-4809-978b-62079f97e19f.jpg?v=1763146909 | https://cdn.shopify.com/s/files/1/2665/6390/files/Yellow-Clipper---revamp-2.jpg?v=1763146909 | https://cdn.shopify.com/s/files/1/2665/6390/files/Carolina-Clipper---revamp-2.jpg?v=1763146909,9,True,matched
Clipper,Trippy Hippy Clipper ,Trippy Hippy Clipper - Peace of Life,Toker Poker,"1 piece = 2.875""x1.375""x0.75"", 0.8 oz.
1 case = 8""x18""x16"", 26 lbs.",500 pieces,"Piece: RTL-02-A-US-TH-PL
Case: RTL-02-A-US-TH-PL-MC",,810108342038,,10810108342035,4.2, $12.99/unit ,Yes,$13.99,,,,12.99,13.99,RTL-02-A-US-TH-PL,RTL-02-A-US-TH-PL-MC,Clipper,Trippy Hippy Clipper,Trippy Hippy Clipper - Peace of Life,Clipper | Trippy Hippy Clipper | Trippy Hippy Clipper - Peace of Life,clipper trippy hippy clipper trippy hippy clipper peace of life,Toker Poker - CLIPPER,clipper,https://tokerpoker.com/collections/shop-all/products/clipper,100,Clipper 5 Pack,50,https://cdn.shopify.com/s/files/1/2665/6390/files/Black--Clipper---revamp_45682c8f-a0e8-4d02-8322-16c1b5da73b9.jpg?v=1763146697,https://cdn.shopify.com/s/files/1/2665/6390/files/Black--Clipper---revamp_45682c8f-a0e8-4d02-8322-16c1b5da73b9.jpg?v=1763146697 | https://cdn.shopify.com/s/files/1/2665/6390/files/Reg-Clipper-Flying-V---reflection.jpg?v=1763146697 | https://cdn.shopify.com/s/files/1/2665/6390/files/Carolina-Clipper---revamp_9769423b-d17b-4028-8103-e1a8f6da8de4.jpg?v=1763146697 | https://cdn.shopify.com/s/files/1/2665/6390/files/Army-Clipper---revamp_6e5c134b-879b-40f6-8067-68bcce322375.jpg?v=1763146697 | https://cdn.shopify.com/s/files/1/2665/6390/files/Magenta-Clipper---revamp_86fd95e4-44c5-4961-8d02-719fbffb4636.jpg?v=1763146909 | https://cdn.shopify.com/s/files/1/2665/6390/files/Lavender-Clipper---revamp_89b9daf0-2f90-418b-b07e-afdca051deb2.jpg?v=1763146909 | https://cdn.shopify.com/s/files/1/2665/6390/files/Orange-Clipper---revamp_78ded119-1750-4809-978b-62079f97e19f.jpg?v=1763146909 | https://cdn.shopify.com/s/files/1/2665/6390/files/Yellow-Clipper---revamp-2.jpg?v=1763146909 | https://cdn.shopify.com/s/files/1/2665/6390/files/Carolina-Clipper---revamp-2.jpg?v=1763146909,9,True,matched
Clipper,Vibrant Visions Clipper,Vibrant Visions Clipper - Hue Harmony,Toker Poker,"1 piece = 2.875""x1.375""x0.75"", 0.8 oz.
1 case = 8""x18""x16"", 26 lbs.",500 pieces,"Piece: RTL-02-A-US-VV-HH
Case: RTL-02-A-US-VV-HH-MC",,810108342106,,10810108342103,4.2, $12.99/unit ,Yes,$13.99,,,,12.99,13.99,RTL-02-A-US-VV-HH,RTL-02-A-US-VV-HH-MC,Clipper,Vibrant Visions Clipper,Vibrant Visions Clipper - Hue Harmony,Clipper | Vibrant Visions Clipper | Vibrant Visions Clipper - Hue Harmony,clipper vibrant visions clipper vibrant visions clipper hue harmony,Toker Poker - CLIPPER,clipper,https://tokerpoker.com/collections/shop-all/products/clipper,100,Clipper 5 Pack,54,https://cdn.shopify.com/s/files/1/2665/6390/files/Black--Clipper---revamp_45682c8f-a0e8-4d02-8322-16c1b5da73b9.jpg?v=1763146697,https://cdn.shopify.com/s/files/1/2665/6390/files/Black--Clipper---revamp_45682c8f-a0e8-4d02-8322-16c1b5da73b9.jpg?v=1763146697 | https://cdn.shopify.com/s/files/1/2665/6390/files/Reg-Clipper-Flying-V---reflection.jpg?v=1763146697 | https://cdn.shopify.com/s/files/1/2665/6390/files/Carolina-Clipper---revamp_9769423b-d17b-4028-8103-e1a8f6da8de4.jpg?v=1763146697 | https://cdn.shopify.com/s/files/1/2665/6390/files/Army-Clipper---revamp_6e5c134b-879b-40f6-8067-68bcce322375.jpg?v=1763146697 | https://cdn.shopify.com/s/files/1/2665/6390/files/Magenta-Clipper---revamp_86fd95e4-44c5-4961-8d02-719fbffb4636.jpg?v=1763146909 | https://cdn.shopify.com/s/files/1/2665/6390/files/Lavender-Clipper---revamp_89b9daf0-2f90-418b-b07e-afdca051deb2.jpg?v=1763146909 | https://cdn.shopify.com/s/files/1/2665/6390/files/Orange-Clipper---revamp_78ded119-1750-4809-978b-62079f97e19f.jpg?v=1763146909 | https://cdn.shopify.com/s/files/1/2665/6390/files/Yellow-Clipper---revamp-2.jpg?v=1763146909 | https://cdn.shopify.com/s/files/1/2665/6390/files/Carolina-Clipper---revamp-2.jpg?v=1763146909,9,True,matched
Clipper,Vibrant Visions Clipper,Vibrant Visions Clipper - Earth Echo,Toker Poker,"1 piece = 2.875""x1.375""x0.75"", 0.8 oz.
1 case = 8""x18""x16"", 26 lbs.",500 pieces,"Piece: RTL-02-A-US-VV-EE
Case: RTL-02-A-US-VV-EE-MC",,810108342090,,10810108342097,4.2, $12.99/unit ,Yes,$13.99,,,,12.99,13.99,RTL-02-A-US-VV-EE,RTL-02-A-US-VV-EE-MC,Clipper,Vibrant Visions Clipper,Vibrant Visions Clipper - Earth Echo,Clipper | Vibrant Visions Clipper | Vibrant Visions Clipper - Earth Echo,clipper vibrant visions clipper vibrant visions clipper earth echo,Toker Poker - CLIPPER,clipper,https://tokerpoker.com/collections/shop-all/products/clipper,100,Clipper 5 Pack,54,https://cdn.shopify.com/s/files/1/2665/6390/files/Black--Clipper---revamp_45682c8f-a0e8-4d02-8322-16c1b5da73b9.jpg?v=1763146697,https://cdn.shopify.com/s/files/1/2665/6390/files/Black--Clipper---revamp_45682c8f-a0e8-4d02-8322-16c1b5da73b9.jpg?v=1763146697 | https://cdn.shopify.com/s/files/1/2665/6390/files/Reg-Clipper-Flying-V---reflection.jpg?v=1763146697 | https://cdn.shopify.com/s/files/1/2665/6390/files/Carolina-Clipper---revamp_9769423b-d17b-4028-8103-e1a8f6da8de4.jpg?v=1763146697 | https://cdn.shopify.com/s/files/1/2665/6390/files/Army-Clipper---revamp_6e5c134b-879b-40f6-8067-68bcce322375.jpg?v=1763146697 | https://cdn.shopify.com/s/files/1/2665/6390/files/Magenta-Clipper---revamp_86fd95e4-44c5-4961-8d02-719fbffb4636.jpg?v=1763146909 | https://cdn.shopify.com/s/files/1/2665/6390/files/Lavender-Clipper---revamp_89b9daf0-2f90-418b-b07e-afdca051deb2.jpg?v=1763146909 | https://cdn.shopify.com/s/files/1/2665/6390/files/Orange-Clipper---revamp_78ded119-1750-4809-978b-62079f97e19f.jpg?v=1763146909 | https://cdn.shopify.com/s/files/1/2665/6390/files/Yellow-Clipper---revamp-2.jpg?v=1763146909 | https://cdn.shopify.com/s/files/1/2665/6390/files/Carolina-Clipper---revamp-2.jpg?v=1763146909,9,True,matched
Clipper,Vibrant Visions Clipper,Vibrant Visions Clipper - Cosmic Creation,Toker Poker,"1 piece = 2.875""x1.375""x0.75"", 0.8 oz.
1 case = 8""x18""x16"", 26 lbs.",500 pieces,"Piece: RTL-02-A-US-VV-CR
Case: RTL-02-A-US-VV-CR-MC",,810108342076,,10810108342073,4.2, $12.99/unit ,Yes,$13.99,,,,12.99,13.99,RTL-02-A-US-VV-CR,RTL-02-A-US-VV-CR-MC,Clipper,Vibrant Visions Clipper,Vibrant Visions Clipper - Cosmic Creation,Clipper | Vibrant Visions Clipper | Vibrant Visions Clipper - Cosmic Creation,clipper vibrant visions clipper vibrant visions clipper cosmic creation,Toker Poker - CLIPPER,clipper,https://tokerpoker.com/collections/shop-all/products/clipper,100,Clipper 5 Pack,54,https://cdn.shopify.com/s/files/1/2665/6390/files/Black--Clipper---revamp_45682c8f-a0e8-4d02-8322-16c1b5da73b9.jpg?v=1763146697,https://cdn.shopify.com/s/files/1/2665/6390/files/Black--Clipper---revamp_45682c8f-a0e8-4d02-8322-16c1b5da73b9.jpg?v=1763146697 | https://cdn.shopify.com/s/files/1/2665/6390/files/Reg-Clipper-Flying-V---reflection.jpg?v=1763146697 | https://cdn.shopify.com/s/files/1/2665/6390/files/Carolina-Clipper---revamp_9769423b-d17b-4028-8103-e1a8f6da8de4.jpg?v=1763146697 | https://cdn.shopify.com/s/files/1/2665/6390/files/Army-Clipper---revamp_6e5c134b-879b-40f6-8067-68bcce322375.jpg?v=1763146697 | https://cdn.shopify.com/s/files/1/2665/6390/files/Magenta-Clipper---revamp_86fd95e4-44c5-4961-8d02-719fbffb4636.jpg?v=1763146909 | https://cdn.shopify.com/s/files/1/2665/6390/files/Lavender-Clipper---revamp_89b9daf0-2f90-418b-b07e-afdca051deb2.jpg?v=1763146909 | https://cdn.shopify.com/s/files/1/2665/6390/files/Orange-Clipper---revamp_78ded119-1750-4809-978b-62079f97e19f.jpg?v=1763146909 | https://cdn.shopify.com/s/files/1/2665/6390/files/Yellow-Clipper---revamp-2.jpg?v=1763146909 | https://cdn.shopify.com/s/files/1/2665/6390/files/Carolina-Clipper---revamp-2.jpg?v=1763146909,9,True,matched
Clipper,Vibrant Visions Clipper,Vibrant Visions Clipper - Color Crescendo,Toker Poker,"1 piece = 2.875""x1.375""x0.75"", 0.8 oz.
1 case = 8""x18""x16"", 26 lbs.",500 pieces,"Piece: RTL-02-A-US-VV-CC
Case: RTL-02-A-US-VV-CC-MC",,810108342083,,10810108342080,4.2, $12.99/unit ,Yes,$13.99,,,,12.99,13.99,RTL-02-A-US-VV-CC,RTL-02-A-US-VV-CC-MC,Clipper,Vibrant Visions Clipper,Vibrant Visions Clipper - Color Crescendo,Clipper | Vibrant Visions Clipper | Vibrant Visions Clipper - Color Crescendo,clipper vibrant visions clipper vibrant visions clipper color crescendo,Toker Poker - CLIPPER,clipper,https://tokerpoker.com/collections/shop-all/products/clipper,100,Clipper 5 Pack,54,https://cdn.shopify.com/s/files/1/2665/6390/files/Black--Clipper---revamp_45682c8f-a0e8-4d02-8322-16c1b5da73b9.jpg?v=1763146697,https://cdn.shopify.com/s/files/1/2665/6390/files/Black--Clipper---revamp_45682c8f-a0e8-4d02-8322-16c1b5da73b9.jpg?v=1763146697 | https://cdn.shopify.com/s/files/1/2665/6390/files/Reg-Clipper-Flying-V---reflection.jpg?v=1763146697 | https://cdn.shopify.com/s/files/1/2665/6390/files/Carolina-Clipper---revamp_9769423b-d17b-4028-8103-e1a8f6da8de4.jpg?v=1763146697 | https://cdn.shopify.com/s/files/1/2665/6390/files/Army-Clipper---revamp_6e5c134b-879b-40f6-8067-68bcce322375.jpg?v=1763146697 | https://cdn.shopify.com/s/files/1/2665/6390/files/Magenta-Clipper---revamp_86fd95e4-44c5-4961-8d02-719fbffb4636.jpg?v=1763146909 | https://cdn.shopify.com/s/files/1/2665/6390/files/Lavender-Clipper---revamp_89b9daf0-2f90-418b-b07e-afdca051deb2.jpg?v=1763146909 | https://cdn.shopify.com/s/files/1/2665/6390/files/Orange-Clipper---revamp_78ded119-1750-4809-978b-62079f97e19f.jpg?v=1763146909 | https://cdn.shopify.com/s/files/1/2665/6390/files/Yellow-Clipper---revamp-2.jpg?v=1763146909 | https://cdn.shopify.com/s/files/1/2665/6390/files/Carolina-Clipper---revamp-2.jpg?v=1763146909,9,True,matched
Clipper,Vibrant Visions Clipper,Vibrant Visions Clipper - Vibrant Vision,Toker Poker,"1 piece = 2.875""x1.375""x0.75"", 0.8 oz.
1 case = 8""x18""x16"", 26 lbs.",500 pieces,"Piece: RTL-02-A-US-VV-VV
Case: RTL-02-A-US-VV-VV-MC",,810108342069,,10810108342066,4.2, $12.99/unit ,Yes,$13.99,,,,12.99,13.99,RTL-02-A-US-VV-VV,RTL-02-A-US-VV-VV-MC,Clipper,Vibrant Visions Clipper,Vibrant Visions Clipper - Vibrant Vision,Clipper | Vibrant Visions Clipper | Vibrant Visions Clipper - Vibrant Vision,clipper vibrant visions clipper vibrant visions clipper vibrant vision,Toker Poker - CLIPPER,clipper,https://tokerpoker.com/collections/shop-all/products/clipper,100,Clipper 5 Pack,54,https://cdn.shopify.com/s/files/1/2665/6390/files/Black--Clipper---revamp_45682c8f-a0e8-4d02-8322-16c1b5da73b9.jpg?v=1763146697,https://cdn.shopify.com/s/files/1/2665/6390/files/Black--Clipper---revamp_45682c8f-a0e8-4d02-8322-16c1b5da73b9.jpg?v=1763146697 | https://cdn.shopify.com/s/files/1/2665/6390/files/Reg-Clipper-Flying-V---reflection.jpg?v=1763146697 | https://cdn.shopify.com/s/files/1/2665/6390/files/Carolina-Clipper---revamp_9769423b-d17b-4028-8103-e1a8f6da8de4.jpg?v=1763146697 | https://cdn.shopify.com/s/files/1/2665/6390/files/Army-Clipper---revamp_6e5c134b-879b-40f6-8067-68bcce322375.jpg?v=1763146697 | https://cdn.shopify.com/s/files/1/2665/6390/files/Magenta-Clipper---revamp_86fd95e4-44c5-4961-8d02-719fbffb4636.jpg?v=1763146909 | https://cdn.shopify.com/s/files/1/2665/6390/files/Lavender-Clipper---revamp_89b9daf0-2f90-418b-b07e-afdca051deb2.jpg?v=1763146909 | https://cdn.shopify.com/s/files/1/2665/6390/files/Orange-Clipper---revamp_78ded119-1750-4809-978b-62079f97e19f.jpg?v=1763146909 | https://cdn.shopify.com/s/files/1/2665/6390/files/Yellow-Clipper---revamp-2.jpg?v=1763146909 | https://cdn.shopify.com/s/files/1/2665/6390/files/Carolina-Clipper---revamp-2.jpg?v=1763146909,9,True,matched
Clipper,Glow in the Dark Clipper,Glow in the Dark Clipper - Clear,Toker Poker,"1 piece = 2.875""x1.375""x0.75"", 0.8 oz.
1 case = 8""x18""x16"", 26 lbs.",500 pieces,"Piece: RTL-02-A-US-GL-CL
Case: RTL-02-A-US-GL-CL-MC",,810108340850,,10810108340857,4.2, $12.99/unit ,Yes,$13.99,,,,12.99,13.99,RTL-02-A-US-GL-CL,RTL-02-A-US-GL-CL-MC,Clipper,Glow in the Dark Clipper,Glow in the Dark Clipper - Clear,Clipper | Glow in the Dark Clipper | Glow in the Dark Clipper - Clear,clipper glow in the dark clipper glow in the dark clipper clear,Toker Poker - CLIPPER,clipper,https://tokerpoker.com/collections/shop-all/products/clipper,100,Clipper 5 Pack,56,https://cdn.shopify.com/s/files/1/2665/6390/files/Black--Clipper---revamp_45682c8f-a0e8-4d02-8322-16c1b5da73b9.jpg?v=1763146697,https://cdn.shopify.com/s/files/1/2665/6390/files/Black--Clipper---revamp_45682c8f-a0e8-4d02-8322-16c1b5da73b9.jpg?v=1763146697 | https://cdn.shopify.com/s/files/1/2665/6390/files/Reg-Clipper-Flying-V---reflection.jpg?v=1763146697 | https://cdn.shopify.com/s/files/1/2665/6390/files/Carolina-Clipper---revamp_9769423b-d17b-4028-8103-e1a8f6da8de4.jpg?v=1763146697 | https://cdn.shopify.com/s/files/1/2665/6390/files/Army-Clipper---revamp_6e5c134b-879b-40f6-8067-68bcce322375.jpg?v=1763146697 | https://cdn.shopify.com/s/files/1/2665/6390/files/Magenta-Clipper---revamp_86fd95e4-44c5-4961-8d02-719fbffb4636.jpg?v=1763146909 | https://cdn.shopify.com/s/files/1/2665/6390/files/Lavender-Clipper---revamp_89b9daf0-2f90-418b-b07e-afdca051deb2.jpg?v=1763146909 | https://cdn.shopify.com/s/files/1/2665/6390/files/Orange-Clipper---revamp_78ded119-1750-4809-978b-62079f97e19f.jpg?v=1763146909 | https://cdn.shopify.com/s/files/1/2665/6390/files/Yellow-Clipper---revamp-2.jpg?v=1763146909 | https://cdn.shopify.com/s/files/1/2665/6390/files/Carolina-Clipper---revamp-2.jpg?v=1763146909,9,True,matched
Clipper,Glow in the Dark Clipper,Glow in the Dark Clipper - Green,Toker Poker,"1 piece = 2.875""x1.375""x0.75"", 0.8 oz.
1 case = 8""x18""x16"", 26 lbs.",500 pieces,"Piece: RTL-02-A-US-GL-GN
Case: RTL-02-A-US-GL-GN-MC",,810108340799,,10810108340796,4.2, $12.99/unit ,Yes,$13.99,,,,12.99,13.99,RTL-02-A-US-GL-GN,RTL-02-A-US-GL-GN-MC,Clipper,Glow in the Dark Clipper,Glow in the Dark Clipper - Green,Clipper | Glow in the Dark Clipper | Glow in the Dark Clipper - Green,clipper glow in the dark clipper glow in the dark clipper green,Toker Poker - CLIPPER,clipper,https://tokerpoker.com/collections/shop-all/products/clipper,100,Clipper 5 Pack,56,https://cdn.shopify.com/s/files/1/2665/6390/files/Black--Clipper---revamp_45682c8f-a0e8-4d02-8322-16c1b5da73b9.jpg?v=1763146697,https://cdn.shopify.com/s/files/1/2665/6390/files/Black--Clipper---revamp_45682c8f-a0e8-4d02-8322-16c1b5da73b9.jpg?v=1763146697 | https://cdn.shopify.com/s/files/1/2665/6390/files/Reg-Clipper-Flying-V---reflection.jpg?v=1763146697 | https://cdn.shopify.com/s/files/1/2665/6390/files/Carolina-Clipper---revamp_9769423b-d17b-4028-8103-e1a8f6da8de4.jpg?v=1763146697 | https://cdn.shopify.com/s/files/1/2665/6390/files/Army-Clipper---revamp_6e5c134b-879b-40f6-8067-68bcce322375.jpg?v=1763146697 | https://cdn.shopify.com/s/files/1/2665/6390/files/Magenta-Clipper---revamp_86fd95e4-44c5-4961-8d02-719fbffb4636.jpg?v=1763146909 | https://cdn.shopify.com/s/files/1/2665/6390/files/Lavender-Clipper---revamp_89b9daf0-2f90-418b-b07e-afdca051deb2.jpg?v=1763146909 | https://cdn.shopify.com/s/files/1/2665/6390/files/Orange-Clipper---revamp_78ded119-1750-4809-978b-62079f97e19f.jpg?v=1763146909 | https://cdn.shopify.com/s/files/1/2665/6390/files/Yellow-Clipper---revamp-2.jpg?v=1763146909 | https://cdn.shopify.com/s/files/1/2665/6390/files/Carolina-Clipper---revamp-2.jpg?v=1763146909,9,True,matched
Clipper,Glow in the Dark Clipper,Glow in the Dark Clipper - Blue,Toker Poker,"1 piece = 2.875""x1.375""x0.75"", 0.8 oz.
1 case = 8""x18""x16"", 26 lbs.",500 pieces,"Piece: RTL-02-A-US-GL-BU
Case: RTL-02-A-US-GL-BU-MC",,810108340836,,10810108340833,4.2, $12.99/unit ,Yes,$13.99,,,,12.99,13.99,RTL-02-A-US-GL-BU,RTL-02-A-US-GL-BU-MC,Clipper,Glow in the Dark Clipper,Glow in the Dark Clipper - Blue,Clipper | Glow in the Dark Clipper | Glow in the Dark Clipper - Blue,clipper glow in the dark clipper glow in the dark clipper blue,Toker Poker - CLIPPER,clipper,https://tokerpoker.com/collections/shop-all/products/clipper,100,Clipper 5 Pack,56,https://cdn.shopify.com/s/files/1/2665/6390/files/Black--Clipper---revamp_45682c8f-a0e8-4d02-8322-16c1b5da73b9.jpg?v=1763146697,https://cdn.shopify.com/s/files/1/2665/6390/files/Black--Clipper---revamp_45682c8f-a0e8-4d02-8322-16c1b5da73b9.jpg?v=1763146697 | https://cdn.shopify.com/s/files/1/2665/6390/files/Reg-Clipper-Flying-V---reflection.jpg?v=1763146697 | https://cdn.shopify.com/s/files/1/2665/6390/files/Carolina-Clipper---revamp_9769423b-d17b-4028-8103-e1a8f6da8de4.jpg?v=1763146697 | https://cdn.shopify.com/s/files/1/2665/6390/files/Army-Clipper---revamp_6e5c134b-879b-40f6-8067-68bcce322375.jpg?v=1763146697 | https://cdn.shopify.com/s/files/1/2665/6390/files/Magenta-Clipper---revamp_86fd95e4-44c5-4961-8d02-719fbffb4636.jpg?v=1763146909 | https://cdn.shopify.com/s/files/1/2665/6390/files/Lavender-Clipper---revamp_89b9daf0-2f90-418b-b07e-afdca051deb2.jpg?v=1763146909 | https://cdn.shopify.com/s/files/1/2665/6390/files/Orange-Clipper---revamp_78ded119-1750-4809-978b-62079f97e19f.jpg?v=1763146909 | https://cdn.shopify.com/s/files/1/2665/6390/files/Yellow-Clipper---revamp-2.jpg?v=1763146909 | https://cdn.shopify.com/s/files/1/2665/6390/files/Carolina-Clipper---revamp-2.jpg?v=1763146909,9,True,matched
Clipper,Glow in the Dark Clipper,Glow in the Dark Clipper - Pink,Toker Poker,"1 piece = 2.875""x1.375""x0.75"", 0.8 oz.
1 case = 8""x18""x16"", 26 lbs.",500 pieces,"Piece: RTL-02-A-US-GL-PK
Case: RTL-02-A-US-GL-PK-MC",,810108340867,,10810108340864,4.2, $12.99/unit ,Yes,$13.99,,,,12.99,13.99,RTL-02-A-US-GL-PK,RTL-02-A-US-GL-PK-MC,Clipper,Glow in the Dark Clipper,Glow in the Dark Clipper - Pink,Clipper | Glow in the Dark Clipper | Glow in the Dark Clipper - Pink,clipper glow in the dark clipper glow in the dark clipper pink,Toker Poker - CLIPPER,clipper,https://tokerpoker.com/collections/shop-all/products/clipper,100,Clipper 5 Pack,58,https://cdn.shopify.com/s/files/1/2665/6390/files/Black--Clipper---revamp_45682c8f-a0e8-4d02-8322-16c1b5da73b9.jpg?v=1763146697,https://cdn.shopify.com/s/files/1/2665/6390/files/Black--Clipper---revamp_45682c8f-a0e8-4d02-8322-16c1b5da73b9.jpg?v=1763146697 | https://cdn.shopify.com/s/files/1/2665/6390/files/Reg-Clipper-Flying-V---reflection.jpg?v=1763146697 | https://cdn.shopify.com/s/files/1/2665/6390/files/Carolina-Clipper---revamp_9769423b-d17b-4028-8103-e1a8f6da8de4.jpg?v=1763146697 | https://cdn.shopify.com/s/files/1/2665/6390/files/Army-Clipper---revamp_6e5c134b-879b-40f6-8067-68bcce322375.jpg?v=1763146697 | https://cdn.shopify.com/s/files/1/2665/6390/files/Magenta-Clipper---revamp_86fd95e4-44c5-4961-8d02-719fbffb4636.jpg?v=1763146909 | https://cdn.shopify.com/s/files/1/2665/6390/files/Lavender-Clipper---revamp_89b9daf0-2f90-418b-b07e-afdca051deb2.jpg?v=1763146909 | https://cdn.shopify.com/s/files/1/2665/6390/files/Orange-Clipper---revamp_78ded119-1750-4809-978b-62079f97e19f.jpg?v=1763146909 | https://cdn.shopify.com/s/files/1/2665/6390/files/Yellow-Clipper---revamp-2.jpg?v=1763146909 | https://cdn.shopify.com/s/files/1/2665/6390/files/Carolina-Clipper---revamp-2.jpg?v=1763146909,9,True,matched
Clipper,Glow in the Dark Clipper,Glow in the Dark Clipper - Yellow,Toker Poker,"1 piece = 2.875""x1.375""x0.75"", 0.8 oz.
1 case = 8""x18""x16"", 26 lbs.",500 pieces,"Piece: RTL-02-A-US-GL-YL
Case: RTL-02-A-US-GL-YL-MC",,810108340843,,10810108340840,4.2, $12.99/unit ,Yes,$13.99,,,,12.99,13.99,RTL-02-A-US-GL-YL,RTL-02-A-US-GL-YL-MC,Clipper,Glow in the Dark Clipper,Glow in the Dark Clipper - Yellow,Clipper | Glow in the Dark Clipper | Glow in the Dark Clipper - Yellow,clipper glow in the dark clipper glow in the dark clipper yellow,Toker Poker - CLIPPER,clipper,https://tokerpoker.com/collections/shop-all/products/clipper,100,Clipper 5 Pack,56,https://cdn.shopify.com/s/files/1/2665/6390/files/Black--Clipper---revamp_45682c8f-a0e8-4d02-8322-16c1b5da73b9.jpg?v=1763146697,https://cdn.shopify.com/s/files/1/2665/6390/files/Black--Clipper---revamp_45682c8f-a0e8-4d02-8322-16c1b5da73b9.jpg?v=1763146697 | https://cdn.shopify.com/s/files/1/2665/6390/files/Reg-Clipper-Flying-V---reflection.jpg?v=1763146697 | https://cdn.shopify.com/s/files/1/2665/6390/files/Carolina-Clipper---revamp_9769423b-d17b-4028-8103-e1a8f6da8de4.jpg?v=1763146697 | https://cdn.shopify.com/s/files/1/2665/6390/files/Army-Clipper---revamp_6e5c134b-879b-40f6-8067-68bcce322375.jpg?v=1763146697 | https://cdn.shopify.com/s/files/1/2665/6390/files/Magenta-Clipper---revamp_86fd95e4-44c5-4961-8d02-719fbffb4636.jpg?v=1763146909 | https://cdn.shopify.com/s/files/1/2665/6390/files/Lavender-Clipper---revamp_89b9daf0-2f90-418b-b07e-afdca051deb2.jpg?v=1763146909 | https://cdn.shopify.com/s/files/1/2665/6390/files/Orange-Clipper---revamp_78ded119-1750-4809-978b-62079f97e19f.jpg?v=1763146909 | https://cdn.shopify.com/s/files/1/2665/6390/files/Yellow-Clipper---revamp-2.jpg?v=1763146909 | https://cdn.shopify.com/s/files/1/2665/6390/files/Carolina-Clipper---revamp-2.jpg?v=1763146909,9,True,matched
Clipper,Sparkle Clipper,Sparkle Clipper - Green,Toker Poker,"1 piece = 2.875""x1.375""x0.75"", 0.8 oz.
1 case = 8""x18""x16"", 26 lbs.",500 pieces,"Piece: RTL-02-A-US-SP-GN
Case: RTL-02-A-US-SP-GN-MC",,810108341802,,10810108341809,4.2, $12.99/unit ,Yes,$13.99,Coming Soon,,,12.99,13.99,RTL-02-A-US-SP-GN,RTL-02-A-US-SP-GN-MC,Clipper,Sparkle Clipper,Sparkle Clipper - Green,Clipper | Sparkle Clipper | Sparkle Clipper - Green,clipper sparkle clipper sparkle clipper green,Toker Poker - CLIPPER,clipper,https://tokerpoker.com/collections/shop-all/products/clipper,100,Clipper 5 Pack,56,https://cdn.shopify.com/s/files/1/2665/6390/files/Black--Clipper---revamp_45682c8f-a0e8-4d02-8322-16c1b5da73b9.jpg?v=1763146697,https://cdn.shopify.com/s/files/1/2665/6390/files/Black--Clipper---revamp_45682c8f-a0e8-4d02-8322-16c1b5da73b9.jpg?v=1763146697 | https://cdn.shopify.com/s/files/1/2665/6390/files/Reg-Clipper-Flying-V---reflection.jpg?v=1763146697 | https://cdn.shopify.com/s/files/1/2665/6390/files/Carolina-Clipper---revamp_9769423b-d17b-4028-8103-e1a8f6da8de4.jpg?v=1763146697 | https://cdn.shopify.com/s/files/1/2665/6390/files/Army-Clipper---revamp_6e5c134b-879b-40f6-8067-68bcce322375.jpg?v=1763146697 | https://cdn.shopify.com/s/files/1/2665/6390/files/Magenta-Clipper---revamp_86fd95e4-44c5-4961-8d02-719fbffb4636.jpg?v=1763146909 | https://cdn.shopify.com/s/files/1/2665/6390/files/Lavender-Clipper---revamp_89b9daf0-2f90-418b-b07e-afdca051deb2.jpg?v=1763146909 | https://cdn.shopify.com/s/files/1/2665/6390/files/Orange-Clipper---revamp_78ded119-1750-4809-978b-62079f97e19f.jpg?v=1763146909 | https://cdn.shopify.com/s/files/1/2665/6390/files/Yellow-Clipper---revamp-2.jpg?v=1763146909 | https://cdn.shopify.com/s/files/1/2665/6390/files/Carolina-Clipper---revamp-2.jpg?v=1763146909,9,True,matched
Clipper,Sparkle Clipper,Sparkle Clipper - Clear,Toker Poker,"1 piece = 2.875""x1.375""x0.75"", 0.8 oz.
1 case = 8""x18""x16"", 26 lbs.",500 pieces,"Piece: RTL-02-A-US-SP-CL
Case: RTL-02-A-US-SP-CL-MC",,810108341796,,10810108341793,4.2, $12.99/unit ,Yes,$13.99,Coming Soon,,,12.99,13.99,RTL-02-A-US-SP-CL,RTL-02-A-US-SP-CL-MC,Clipper,Sparkle Clipper,Sparkle Clipper - Clear,Clipper | Sparkle Clipper | Sparkle Clipper - Clear,clipper sparkle clipper sparkle clipper clear,Toker Poker - CLIPPER,clipper,https://tokerpoker.com/collections/shop-all/products/clipper,100,Clipper 5 Pack,59,https://cdn.shopify.com/s/files/1/2665/6390/files/Black--Clipper---revamp_45682c8f-a0e8-4d02-8322-16c1b5da73b9.jpg?v=1763146697,https://cdn.shopify.com/s/files/1/2665/6390/files/Black--Clipper---revamp_45682c8f-a0e8-4d02-8322-16c1b5da73b9.jpg?v=1763146697 | https://cdn.shopify.com/s/files/1/2665/6390/files/Reg-Clipper-Flying-V---reflection.jpg?v=1763146697 | https://cdn.shopify.com/s/files/1/2665/6390/files/Carolina-Clipper---revamp_9769423b-d17b-4028-8103-e1a8f6da8de4.jpg?v=1763146697 | https://cdn.shopify.com/s/files/1/2665/6390/files/Army-Clipper---revamp_6e5c134b-879b-40f6-8067-68bcce322375.jpg?v=1763146697 | https://cdn.shopify.com/s/files/1/2665/6390/files/Magenta-Clipper---revamp_86fd95e4-44c5-4961-8d02-719fbffb4636.jpg?v=1763146909 | https://cdn.shopify.com/s/files/1/2665/6390/files/Lavender-Clipper---revamp_89b9daf0-2f90-418b-b07e-afdca051deb2.jpg?v=1763146909 | https://cdn.shopify.com/s/files/1/2665/6390/files/Orange-Clipper---revamp_78ded119-1750-4809-978b-62079f97e19f.jpg?v=1763146909 | https://cdn.shopify.com/s/files/1/2665/6390/files/Yellow-Clipper---revamp-2.jpg?v=1763146909 | https://cdn.shopify.com/s/files/1/2665/6390/files/Carolina-Clipper---revamp-2.jpg?v=1763146909,9,True,matched
Clipper,Sparkle Clipper,Sparkle Clipper - Blue,Toker Poker,"1 piece = 2.875""x1.375""x0.75"", 0.8 oz.
1 case = 8""x18""x16"", 26 lbs.",500 pieces,"Piece: RTL-02-A-US-SP-BU
Case: RTL-02-A-US-SP-BU-MC",,810108341819,,10810108341816,4.2, $12.99/unit ,Yes,$13.99,Coming Soon,,,12.99,13.99,RTL-02-A-US-SP-BU,RTL-02-A-US-SP-BU-MC,Clipper,Sparkle Clipper,Sparkle Clipper - Blue,Clipper | Sparkle Clipper | Sparkle Clipper - Blue,clipper sparkle clipper sparkle clipper blue,Toker Poker - CLIPPER,clipper,https://tokerpoker.com/collections/shop-all/products/clipper,100,Clipper 5 Pack,57,https://cdn.shopify.com/s/files/1/2665/6390/files/Black--Clipper---revamp_45682c8f-a0e8-4d02-8322-16c1b5da73b9.jpg?v=1763146697,https://cdn.shopify.com/s/files/1/2665/6390/files/Black--Clipper---revamp_45682c8f-a0e8-4d02-8322-16c1b5da73b9.jpg?v=1763146697 | https://cdn.shopify.com/s/files/1/2665/6390/files/Reg-Clipper-Flying-V---reflection.jpg?v=1763146697 | https://cdn.shopify.com/s/files/1/2665/6390/files/Carolina-Clipper---revamp_9769423b-d17b-4028-8103-e1a8f6da8de4.jpg?v=1763146697 | https://cdn.shopify.com/s/files/1/2665/6390/files/Army-Clipper---revamp_6e5c134b-879b-40f6-8067-68bcce322375.jpg?v=1763146697 | https://cdn.shopify.com/s/files/1/2665/6390/files/Magenta-Clipper---revamp_86fd95e4-44c5-4961-8d02-719fbffb4636.jpg?v=1763146909 | https://cdn.shopify.com/s/files/1/2665/6390/files/Lavender-Clipper---revamp_89b9daf0-2f90-418b-b07e-afdca051deb2.jpg?v=1763146909 | https://cdn.shopify.com/s/files/1/2665/6390/files/Orange-Clipper---revamp_78ded119-1750-4809-978b-62079f97e19f.jpg?v=1763146909 | https://cdn.shopify.com/s/files/1/2665/6390/files/Yellow-Clipper---revamp-2.jpg?v=1763146909 | https://cdn.shopify.com/s/files/1/2665/6390/files/Carolina-Clipper---revamp-2.jpg?v=1763146909,9,True,matched
Clipper,Sparkle Clipper,Sparkle Clipper - Purple,Toker Poker,"1 piece = 2.875""x1.375""x0.75"", 0.8 oz.
1 case = 8""x18""x16"", 26 lbs.",500 pieces,"Piece: RTL-02-A-US-SP-PU
Case: RTL-02-A-US-SP-PU-MC",,810108341826,,10810108341823,4.2, $12.99/unit ,Yes,$13.99,Coming Soon,,,12.99,13.99,RTL-02-A-US-SP-PU,RTL-02-A-US-SP-PU-MC,Clipper,Sparkle Clipper,Sparkle Clipper - Purple,Clipper | Sparkle Clipper | Sparkle Clipper - Purple,clipper sparkle clipper sparkle clipper purple,Toker Poker - CLIPPER,clipper,https://tokerpoker.com/collections/shop-all/products/clipper,100,Clipper 5 Pack,57,https://cdn.shopify.com/s/files/1/2665/6390/files/Black--Clipper---revamp_45682c8f-a0e8-4d02-8322-16c1b5da73b9.jpg?v=1763146697,https://cdn.shopify.com/s/files/1/2665/6390/files/Black--Clipper---revamp_45682c8f-a0e8-4d02-8322-16c1b5da73b9.jpg?v=1763146697 | https://cdn.shopify.com/s/files/1/2665/6390/files/Reg-Clipper-Flying-V---reflection.jpg?v=1763146697 | https://cdn.shopify.com/s/files/1/2665/6390/files/Carolina-Clipper---revamp_9769423b-d17b-4028-8103-e1a8f6da8de4.jpg?v=1763146697 | https://cdn.shopify.com/s/files/1/2665/6390/files/Army-Clipper---revamp_6e5c134b-879b-40f6-8067-68bcce322375.jpg?v=1763146697 | https://cdn.shopify.com/s/files/1/2665/6390/files/Magenta-Clipper---revamp_86fd95e4-44c5-4961-8d02-719fbffb4636.jpg?v=1763146909 | https://cdn.shopify.com/s/files/1/2665/6390/files/Lavender-Clipper---revamp_89b9daf0-2f90-418b-b07e-afdca051deb2.jpg?v=1763146909 | https://cdn.shopify.com/s/files/1/2665/6390/files/Orange-Clipper---revamp_78ded119-1750-4809-978b-62079f97e19f.jpg?v=1763146909 | https://cdn.shopify.com/s/files/1/2665/6390/files/Yellow-Clipper---revamp-2.jpg?v=1763146909 | https://cdn.shopify.com/s/files/1/2665/6390/files/Carolina-Clipper---revamp-2.jpg?v=1763146909,9,True,matched
Clipper,Sparkle Clipper,Sparkle Clipper - Pink,Toker Poker,"1 piece = 2.875""x1.375""x0.75"", 0.8 oz.
1 case = 8""x18""x16"", 26 lbs.",500 pieces,"Piece: RTL-02-A-US-SP-PK
Case: RTL-02-A-US-SP-PK-MC",,810108341833,,10810108341830,4.2, $12.99/unit ,Yes,$13.99,Coming Soon,,,12.99,13.99,RTL-02-A-US-SP-PK,RTL-02-A-US-SP-PK-MC,Clipper,Sparkle Clipper,Sparkle Clipper - Pink,Clipper | Sparkle Clipper | Sparkle Clipper - Pink,clipper sparkle clipper sparkle clipper pink,Toker Poker - CLIPPER,clipper,https://tokerpoker.com/collections/shop-all/products/clipper,100,Clipper 5 Pack,66,https://cdn.shopify.com/s/files/1/2665/6390/files/Black--Clipper---revamp_45682c8f-a0e8-4d02-8322-16c1b5da73b9.jpg?v=1763146697,https://cdn.shopify.com/s/files/1/2665/6390/files/Black--Clipper---revamp_45682c8f-a0e8-4d02-8322-16c1b5da73b9.jpg?v=1763146697 | https://cdn.shopify.com/s/files/1/2665/6390/files/Reg-Clipper-Flying-V---reflection.jpg?v=1763146697 | https://cdn.shopify.com/s/files/1/2665/6390/files/Carolina-Clipper---revamp_9769423b-d17b-4028-8103-e1a8f6da8de4.jpg?v=1763146697 | https://cdn.shopify.com/s/files/1/2665/6390/files/Army-Clipper---revamp_6e5c134b-879b-40f6-8067-68bcce322375.jpg?v=1763146697 | https://cdn.shopify.com/s/files/1/2665/6390/files/Magenta-Clipper---revamp_86fd95e4-44c5-4961-8d02-719fbffb4636.jpg?v=1763146909 | https://cdn.shopify.com/s/files/1/2665/6390/files/Lavender-Clipper---revamp_89b9daf0-2f90-418b-b07e-afdca051deb2.jpg?v=1763146909 | https://cdn.shopify.com/s/files/1/2665/6390/files/Orange-Clipper---revamp_78ded119-1750-4809-978b-62079f97e19f.jpg?v=1763146909 | https://cdn.shopify.com/s/files/1/2665/6390/files/Yellow-Clipper---revamp-2.jpg?v=1763146909 | https://cdn.shopify.com/s/files/1/2665/6390/files/Carolina-Clipper---revamp-2.jpg?v=1763146909,9,True,matched
Clipper,Sparkle Clipper,Sparkle Clipper - Black,Toker Poker,"1 piece = 2.875""x1.375""x0.75"", 0.8 oz.
1 case = 8""x18""x16"", 26 lbs.",500 pieces,"Piece: RTL-02-A-US-SP-BL
Case: RTL-02-A-US-SP-BL-MC",,810108341840,,10810108341847,4.2, $12.99/unit ,Yes,$13.99,Coming Soon,,,12.99,13.99,RTL-02-A-US-SP-BL,RTL-02-A-US-SP-BL-MC,Clipper,Sparkle Clipper,Sparkle Clipper - Black,Clipper | Sparkle Clipper | Sparkle Clipper - Black,clipper sparkle clipper sparkle clipper black,Toker Poker - CLIPPER,clipper,https://tokerpoker.com/collections/shop-all/products/clipper,100,Clipper 5 Pack,70,https://cdn.shopify.com/s/files/1/2665/6390/files/Reg-Clipper-Flying-V---reflection.jpg?v=1763146697,https://cdn.shopify.com/s/files/1/2665/6390/files/Reg-Clipper-Flying-V---reflection.jpg?v=1763146697 | https://cdn.shopify.com/s/files/1/2665/6390/files/Black--Clipper---revamp_45682c8f-a0e8-4d02-8322-16c1b5da73b9.jpg?v=1763146697 | https://cdn.shopify.com/s/files/1/2665/6390/files/Carolina-Clipper---revamp_9769423b-d17b-4028-8103-e1a8f6da8de4.jpg?v=1763146697 | https://cdn.shopify.com/s/files/1/2665/6390/files/Army-Clipper---revamp_6e5c134b-879b-40f6-8067-68bcce322375.jpg?v=1763146697 | https://cdn.shopify.com/s/files/1/2665/6390/files/Magenta-Clipper---revamp_86fd95e4-44c5-4961-8d02-719fbffb4636.jpg?v=1763146909 | https://cdn.shopify.com/s/files/1/2665/6390/files/Lavender-Clipper---revamp_89b9daf0-2f90-418b-b07e-afdca051deb2.jpg?v=1763146909 | https://cdn.shopify.com/s/files/1/2665/6390/files/Orange-Clipper---revamp_78ded119-1750-4809-978b-62079f97e19f.jpg?v=1763146909 | https://cdn.shopify.com/s/files/1/2665/6390/files/Yellow-Clipper---revamp-2.jpg?v=1763146909 | https://cdn.shopify.com/s/files/1/2665/6390/files/Carolina-Clipper---revamp-2.jpg?v=1763146909,9,True,matched
Mini Bic,Standard Mini Bic Mixed Colors, Standard Mini Bic - Black,Toker Poker,"1 piece = 2.25""x1.75""x0.5"" 0.4 oz.
1 case = 8.5""x16.625""x11.625"", 16 lbs.",500 pieces,"Piece: RTL-03-A-US-ST-BL
Case: RTL-03-A-US-ST-BL-MC",,810108340942,,10810108340949,2.8, $10.99/unit ,Yes,$9.99,,See Standard Mini Bic Black Photos HERE,,10.99,9.99,RTL-03-A-US-ST-BL,RTL-03-A-US-ST-BL-MC,Mini Bic,Standard Mini Bic Mixed Colors,Standard Mini Bic - Black,Mini Bic | Standard Mini Bic Mixed Colors | Standard Mini Bic - Black,mini bic standard mini bic standard mini bic black,Bombshell Edition - MINI BIC + Keychain Attachment,bombshell-edition-mini-bic-keychain-attachment,https://tokerpoker.com/collections/shop-all/products/bombshell-edition-mini-bic-keychain-attachment,100,Jax (black),57,https://cdn.shopify.com/s/files/1/2665/6390/files/Carolina-Mini-with-Yellow-Bikini---revamp.jpg?v=1763065501,https://cdn.shopify.com/s/files/1/2665/6390/files/Carolina-Mini-with-Yellow-Bikini---revamp.jpg?v=1763065501 | https://cdn.shopify.com/s/files/1/2665/6390/files/Bombshell-Boys---5-pack-reflection---revamp.jpg?v=1763065501 | https://cdn.shopify.com/s/files/1/2665/6390/files/Bombshell-Boys---5-pack-reflection---revamp-2.jpg?v=1763065501 | https://cdn.shopify.com/s/files/1/2665/6390/files/Carolina-Mini-with-Yellow-Swimsuit---revamp.jpg?v=1763065501 | https://cdn.shopify.com/s/files/1/2665/6390/files/Black-Mini-with-Pink-Bikini---revamp.jpg?v=1763065501 | https://cdn.shopify.com/s/files/1/2665/6390/files/Black-Mini-with-Pink-Swimsuit---revamp.jpg?v=1763065501 | https://cdn.shopify.com/s/files/1/2665/6390/files/Lavendar-Mini-with-Green-Bikini---rfevamp.jpg?v=1763065501 | https://cdn.shopify.com/s/files/1/2665/6390/files/Army-Mini-with-Orange-swimsuit---REVAMP.jpg?v=1763065501 | https://cdn.shopify.com/s/files/1/2665/6390/files/Magenta-Mini-with-Teal-Bikini---revamp.jpg?v=1763065501 | https://cdn.shopify.com/s/files/1/2665/6390/files/Magenta-Mini-with-Teal-Swimsuit---revamp.jpg?v=1763065501,12,True,matched
Mini Bic,Standard Mini Bic Mixed Colors, Standard Mini Bic - Carolina,Toker Poker,"1 piece = 2.25""x1.75""x0.5"" 0.4 oz.
1 case = 8.5""x16.625""x11.625"", 16 lbs.",500 pieces,"Piece: RTL-03-A-US-ST-CA
Case: RTL-03-A-US-ST-CA-MC",,810108340935,,10810108340932,2.8, $10.99/unit ,Yes,$9.99,,See Standard Mini Bic Carolina Photos HERE,,10.99,9.99,RTL-03-A-US-ST-CA,RTL-03-A-US-ST-CA-MC,Mini Bic,Standard Mini Bic Mixed Colors,Standard Mini Bic - Carolina,Mini Bic | Standard Mini Bic Mixed Colors | Standard Mini Bic - Carolina,mini bic standard mini bic standard mini bic carolina,Bombshell Edition - MINI BIC + Keychain Attachment,bombshell-edition-mini-bic-keychain-attachment,https://tokerpoker.com/collections/shop-all/products/bombshell-edition-mini-bic-keychain-attachment,100,Zane (carolina),62,https://cdn.shopify.com/s/files/1/2665/6390/files/Carolina-Mini-with-Yellow-Bikini---revamp.jpg?v=1763065501,https://cdn.shopify.com/s/files/1/2665/6390/files/Carolina-Mini-with-Yellow-Bikini---revamp.jpg?v=1763065501 | https://cdn.shopify.com/s/files/1/2665/6390/files/Bombshell-Boys---5-pack-reflection---revamp.jpg?v=1763065501 | https://cdn.shopify.com/s/files/1/2665/6390/files/Bombshell-Boys---5-pack-reflection---revamp-2.jpg?v=1763065501 | https://cdn.shopify.com/s/files/1/2665/6390/files/Carolina-Mini-with-Yellow-Swimsuit---revamp.jpg?v=1763065501 | https://cdn.shopify.com/s/files/1/2665/6390/files/Black-Mini-with-Pink-Bikini---revamp.jpg?v=1763065501 | https://cdn.shopify.com/s/files/1/2665/6390/files/Black-Mini-with-Pink-Swimsuit---revamp.jpg?v=1763065501 | https://cdn.shopify.com/s/files/1/2665/6390/files/Lavendar-Mini-with-Green-Bikini---rfevamp.jpg?v=1763065501 | https://cdn.shopify.com/s/files/1/2665/6390/files/Army-Mini-with-Orange-swimsuit---REVAMP.jpg?v=1763065501 | https://cdn.shopify.com/s/files/1/2665/6390/files/Magenta-Mini-with-Teal-Bikini---revamp.jpg?v=1763065501 | https://cdn.shopify.com/s/files/1/2665/6390/files/Magenta-Mini-with-Teal-Swimsuit---revamp.jpg?v=1763065501,12,True,matched
Mini Bic,Standard Mini Bic Mixed Colors,Standard Mini Bic - Grey,Toker Poker,"1 piece = 2.25""x1.75""x0.5"" 0.4 oz.
1 case = 8.5""x16.625""x11.625"", 16 lbs.",500 pieces,"Piece: RTL-03-A-US-ST-GR
Case: RTL-03-A-US-ST-GR-MC",,810108340959,,10810108340956,2.8, $10.99/unit ,Yes,$9.99,,See Standard MIni Bic Grey Photos HERE,,10.99,9.99,RTL-03-A-US-ST-GR,RTL-03-A-US-ST-GR-MC,Mini Bic,Standard Mini Bic Mixed Colors,Standard Mini Bic - Grey,Mini Bic | Standard Mini Bic Mixed Colors | Standard Mini Bic - Grey,mini bic standard mini bic standard mini bic grey,Bombshell Edition - MINI BIC + Keychain Attachment,bombshell-edition-mini-bic-keychain-attachment,https://tokerpoker.com/collections/shop-all/products/bombshell-edition-mini-bic-keychain-attachment,100,Nico (magenta),52,https://cdn.shopify.com/s/files/1/2665/6390/files/Carolina-Mini-with-Yellow-Bikini---revamp.jpg?v=1763065501,https://cdn.shopify.com/s/files/1/2665/6390/files/Carolina-Mini-with-Yellow-Bikini---revamp.jpg?v=1763065501 | https://cdn.shopify.com/s/files/1/2665/6390/files/Bombshell-Boys---5-pack-reflection---revamp.jpg?v=1763065501 | https://cdn.shopify.com/s/files/1/2665/6390/files/Bombshell-Boys---5-pack-reflection---revamp-2.jpg?v=1763065501 | https://cdn.shopify.com/s/files/1/2665/6390/files/Carolina-Mini-with-Yellow-Swimsuit---revamp.jpg?v=1763065501 | https://cdn.shopify.com/s/files/1/2665/6390/files/Black-Mini-with-Pink-Bikini---revamp.jpg?v=1763065501 | https://cdn.shopify.com/s/files/1/2665/6390/files/Black-Mini-with-Pink-Swimsuit---revamp.jpg?v=1763065501 | https://cdn.shopify.com/s/files/1/2665/6390/files/Lavendar-Mini-with-Green-Bikini---rfevamp.jpg?v=1763065501 | https://cdn.shopify.com/s/files/1/2665/6390/files/Army-Mini-with-Orange-swimsuit---REVAMP.jpg?v=1763065501 | https://cdn.shopify.com/s/files/1/2665/6390/files/Magenta-Mini-with-Teal-Bikini---revamp.jpg?v=1763065501 | https://cdn.shopify.com/s/files/1/2665/6390/files/Magenta-Mini-with-Teal-Swimsuit---revamp.jpg?v=1763065501,12,True,matched
Mini Bic,Standard Mini Bic Mixed Colors,Standard Mini Bic - Army,Toker Poker,"1 piece = 2.25""x1.75""x0.5"" 0.4 oz.
1 case = 8.5""x16.625""x11.625"", 16 lbs.",500 pieces,"Piece: RTL-03-A-US-ST-AR
Case: RTL-03-A-US-ST-AR-MC",,810108340980,,10810108340987,2.8, $10.99/unit ,Yes,$9.99,,See Standard Mini Bic Army Photos HERE,,10.99,9.99,RTL-03-A-US-ST-AR,RTL-03-A-US-ST-AR-MC,Mini Bic,Standard Mini Bic Mixed Colors,Standard Mini Bic - Army,Mini Bic | Standard Mini Bic Mixed Colors | Standard Mini Bic - Army,mini bic standard mini bic standard mini bic army,Bombshell Edition - MINI BIC + Keychain Attachment,bombshell-edition-mini-bic-keychain-attachment,https://tokerpoker.com/collections/shop-all/products/bombshell-edition-mini-bic-keychain-attachment,100,Chase (army),52,https://cdn.shopify.com/s/files/1/2665/6390/files/Carolina-Mini-with-Yellow-Bikini---revamp.jpg?v=1763065501,https://cdn.shopify.com/s/files/1/2665/6390/files/Carolina-Mini-with-Yellow-Bikini---revamp.jpg?v=1763065501 | https://cdn.shopify.com/s/files/1/2665/6390/files/Bombshell-Boys---5-pack-reflection---revamp.jpg?v=1763065501 | https://cdn.shopify.com/s/files/1/2665/6390/files/Bombshell-Boys---5-pack-reflection---revamp-2.jpg?v=1763065501 | https://cdn.shopify.com/s/files/1/2665/6390/files/Carolina-Mini-with-Yellow-Swimsuit---revamp.jpg?v=1763065501 | https://cdn.shopify.com/s/files/1/2665/6390/files/Black-Mini-with-Pink-Bikini---revamp.jpg?v=1763065501 | https://cdn.shopify.com/s/files/1/2665/6390/files/Black-Mini-with-Pink-Swimsuit---revamp.jpg?v=1763065501 | https://cdn.shopify.com/s/files/1/2665/6390/files/Lavendar-Mini-with-Green-Bikini---rfevamp.jpg?v=1763065501 | https://cdn.shopify.com/s/files/1/2665/6390/files/Army-Mini-with-Orange-swimsuit---REVAMP.jpg?v=1763065501 | https://cdn.shopify.com/s/files/1/2665/6390/files/Magenta-Mini-with-Teal-Bikini---revamp.jpg?v=1763065501 | https://cdn.shopify.com/s/files/1/2665/6390/files/Magenta-Mini-with-Teal-Swimsuit---revamp.jpg?v=1763065501,12,True,matched
Mini Bic,Standard Mini Bic Mixed Colors,Standard Mini Bic - Lavender,Toker Poker,"1 piece = 2.25""x1.75""x0.5"" 0.4 oz.
1 case = 8.5""x16.625""x11.625"", 16 lbs.",500 pieces,"Piece: RTL-03-A-US-ST-LV
Case: RTL-03-A-US-ST-LV-MC",,810108340973,,10810108340970,2.8, $10.99/unit ,Yes,$9.99,,See Standard Mini Bic Lavender Photos HERE,,10.99,9.99,RTL-03-A-US-ST-LV,RTL-03-A-US-ST-LV-MC,Mini Bic,Standard Mini Bic Mixed Colors,Standard Mini Bic - Lavender,Mini Bic | Standard Mini Bic Mixed Colors | Standard Mini Bic - Lavender,mini bic standard mini bic standard mini bic lavender,Bombshell Edition - MINI BIC + Keychain Attachment,bombshell-edition-mini-bic-keychain-attachment,https://tokerpoker.com/collections/shop-all/products/bombshell-edition-mini-bic-keychain-attachment,100,Gia (lavender),68,https://cdn.shopify.com/s/files/1/2665/6390/files/Carolina-Mini-with-Yellow-Bikini---revamp.jpg?v=1763065501,https://cdn.shopify.com/s/files/1/2665/6390/files/Carolina-Mini-with-Yellow-Bikini---revamp.jpg?v=1763065501 | https://cdn.shopify.com/s/files/1/2665/6390/files/Bombshell-Boys---5-pack-reflection---revamp.jpg?v=1763065501 | https://cdn.shopify.com/s/files/1/2665/6390/files/Bombshell-Boys---5-pack-reflection---revamp-2.jpg?v=1763065501 | https://cdn.shopify.com/s/files/1/2665/6390/files/Carolina-Mini-with-Yellow-Swimsuit---revamp.jpg?v=1763065501 | https://cdn.shopify.com/s/files/1/2665/6390/files/Black-Mini-with-Pink-Bikini---revamp.jpg?v=1763065501 | https://cdn.shopify.com/s/files/1/2665/6390/files/Black-Mini-with-Pink-Swimsuit---revamp.jpg?v=1763065501 | https://cdn.shopify.com/s/files/1/2665/6390/files/Lavendar-Mini-with-Green-Bikini---rfevamp.jpg?v=1763065501 | https://cdn.shopify.com/s/files/1/2665/6390/files/Army-Mini-with-Orange-swimsuit---REVAMP.jpg?v=1763065501 | https://cdn.shopify.com/s/files/1/2665/6390/files/Magenta-Mini-with-Teal-Bikini---revamp.jpg?v=1763065501 | https://cdn.shopify.com/s/files/1/2665/6390/files/Magenta-Mini-with-Teal-Swimsuit---revamp.jpg?v=1763065501,12,True,matched
Mini Bic,Standard Mini Bic Mixed Colors,Standard Mini Bic - Magenta,Toker Poker,"1 piece = 2.25""x1.75""x0.5"" 0.4 oz.
1 case = 8.5""x16.625""x11.625"", 16 lbs.",500 pieces,"Piece: RTL-03-A-US-ST-MG
Case: RTL-03-A-US-ST-MG-MC",,810108340966,,10810108340963,2.8, $10.99/unit ,Yes,$9.99,,See Standard Mini Bic Magenta Photos HERE,,10.99,9.99,RTL-03-A-US-ST-MG,RTL-03-A-US-ST-MG-MC,Mini Bic,Standard Mini Bic Mixed Colors,Standard Mini Bic - Magenta,Mini Bic | Standard Mini Bic Mixed Colors | Standard Mini Bic - Magenta,mini bic standard mini bic standard mini bic magenta,Bombshell Edition - MINI BIC + Keychain Attachment,bombshell-edition-mini-bic-keychain-attachment,https://tokerpoker.com/collections/shop-all/products/bombshell-edition-mini-bic-keychain-attachment,100,Nico (magenta),73,https://cdn.shopify.com/s/files/1/2665/6390/files/Magenta-Mini-with-Teal-Swimsuit---revamp.jpg?v=1763065501,https://cdn.shopify.com/s/files/1/2665/6390/files/Magenta-Mini-with-Teal-Swimsuit---revamp.jpg?v=1763065501 | https://cdn.shopify.com/s/files/1/2665/6390/files/Carolina-Mini-with-Yellow-Bikini---revamp.jpg?v=1763065501 | https://cdn.shopify.com/s/files/1/2665/6390/files/Bombshell-Boys---5-pack-reflection---revamp.jpg?v=1763065501 | https://cdn.shopify.com/s/files/1/2665/6390/files/Bombshell-Boys---5-pack-reflection---revamp-2.jpg?v=1763065501 | https://cdn.shopify.com/s/files/1/2665/6390/files/Carolina-Mini-with-Yellow-Swimsuit---revamp.jpg?v=1763065501 | https://cdn.shopify.com/s/files/1/2665/6390/files/Black-Mini-with-Pink-Bikini---revamp.jpg?v=1763065501 | https://cdn.shopify.com/s/files/1/2665/6390/files/Black-Mini-with-Pink-Swimsuit---revamp.jpg?v=1763065501 | https://cdn.shopify.com/s/files/1/2665/6390/files/Lavendar-Mini-with-Green-Bikini---rfevamp.jpg?v=1763065501 | https://cdn.shopify.com/s/files/1/2665/6390/files/Army-Mini-with-Orange-swimsuit---REVAMP.jpg?v=1763065501 | https://cdn.shopify.com/s/files/1/2665/6390/files/Magenta-Mini-with-Teal-Bikini---revamp.jpg?v=1763065501,12,True,matched
Mini Bic,Standard Mini Bic Mixed Colors,Standard Mini Bic - Yellow ,Toker Poker,"1 piece = 2.25""x1.75""x0.5"" 0.4 oz.
1 case = 8.5""x16.625""x11.625"", 16 lbs.",500 pieces,"Piece: RTL-03-A-US-ST-YL
Case: RTL-03-A-US-ST-YL-MC",,810108340997,,10810108340994,2.8, $10.99/unit ,Yes,$9.99,,See Standard Mini Bic Yellow Photos HERE,,10.99,9.99,RTL-03-A-US-ST-YL,RTL-03-A-US-ST-YL-MC,Mini Bic,Standard Mini Bic Mixed Colors,Standard Mini Bic - Yellow,Mini Bic | Standard Mini Bic Mixed Colors | Standard Mini Bic - Yellow,mini bic standard mini bic standard mini bic yellow,Bombshell Edition - MINI BIC + Keychain Attachment,bombshell-edition-mini-bic-keychain-attachment,https://tokerpoker.com/collections/shop-all/products/bombshell-edition-mini-bic-keychain-attachment,100,Maya (yellow),70,https://cdn.shopify.com/s/files/1/2665/6390/files/Yellow-Mini-with-Blue-Swimsuit---revamp.jpg?v=1763065501,https://cdn.shopify.com/s/files/1/2665/6390/files/Yellow-Mini-with-Blue-Swimsuit---revamp.jpg?v=1763065501 | https://cdn.shopify.com/s/files/1/2665/6390/files/Carolina-Mini-with-Yellow-Bikini---revamp.jpg?v=1763065501 | https://cdn.shopify.com/s/files/1/2665/6390/files/Bombshell-Boys---5-pack-reflection---revamp.jpg?v=1763065501 | https://cdn.shopify.com/s/files/1/2665/6390/files/Bombshell-Boys---5-pack-reflection---revamp-2.jpg?v=1763065501 | https://cdn.shopify.com/s/files/1/2665/6390/files/Carolina-Mini-with-Yellow-Swimsuit---revamp.jpg?v=1763065501 | https://cdn.shopify.com/s/files/1/2665/6390/files/Black-Mini-with-Pink-Bikini---revamp.jpg?v=1763065501 | https://cdn.shopify.com/s/files/1/2665/6390/files/Black-Mini-with-Pink-Swimsuit---revamp.jpg?v=1763065501 | https://cdn.shopify.com/s/files/1/2665/6390/files/Lavendar-Mini-with-Green-Bikini---rfevamp.jpg?v=1763065501 | https://cdn.shopify.com/s/files/1/2665/6390/files/Army-Mini-with-Orange-swimsuit---REVAMP.jpg?v=1763065501 | https://cdn.shopify.com/s/files/1/2665/6390/files/Magenta-Mini-with-Teal-Bikini---revamp.jpg?v=1763065501,12,True,matched
Mini Bic,Standard Mini Bic Mixed Colors,Standard Mini Bic - Orange,Toker Poker,"1 piece = 2.25""x1.75""x0.5"" 0.4 oz.
1 case = 8.5""x16.625""x11.625"", 16 lbs.",500 pieces,"Piece: RTL-03-A-US-ST-OR
Case: RTL-03-A-US-ST-OR-MC",,810108340928,,10810108340925,2.8, $10.99/unit ,Yes,$9.99,,See Standard Mini Bic Orange Photos HERE,,10.99,9.99,RTL-03-A-US-ST-OR,RTL-03-A-US-ST-OR-MC,Mini Bic,Standard Mini Bic Mixed Colors,Standard Mini Bic - Orange,Mini Bic | Standard Mini Bic Mixed Colors | Standard Mini Bic - Orange,mini bic standard mini bic standard mini bic orange,Bombshell Edition - MINI BIC + Keychain Attachment,bombshell-edition-mini-bic-keychain-attachment,https://tokerpoker.com/collections/shop-all/products/bombshell-edition-mini-bic-keychain-attachment,100,Leo (orange),75,https://cdn.shopify.com/s/files/1/2665/6390/files/Orange-Mini-with-Blue-Swimsuit---revamp.jpg?v=1763065501,https://cdn.shopify.com/s/files/1/2665/6390/files/Orange-Mini-with-Blue-Swimsuit---revamp.jpg?v=1763065501 | https://cdn.shopify.com/s/files/1/2665/6390/files/Carolina-Mini-with-Yellow-Bikini---revamp.jpg?v=1763065501 | https://cdn.shopify.com/s/files/1/2665/6390/files/Bombshell-Boys---5-pack-reflection---revamp.jpg?v=1763065501 | https://cdn.shopify.com/s/files/1/2665/6390/files/Bombshell-Boys---5-pack-reflection---revamp-2.jpg?v=1763065501 | https://cdn.shopify.com/s/files/1/2665/6390/files/Carolina-Mini-with-Yellow-Swimsuit---revamp.jpg?v=1763065501 | https://cdn.shopify.com/s/files/1/2665/6390/files/Black-Mini-with-Pink-Bikini---revamp.jpg?v=1763065501 | https://cdn.shopify.com/s/files/1/2665/6390/files/Black-Mini-with-Pink-Swimsuit---revamp.jpg?v=1763065501 | https://cdn.shopify.com/s/files/1/2665/6390/files/Lavendar-Mini-with-Green-Bikini---rfevamp.jpg?v=1763065501 | https://cdn.shopify.com/s/files/1/2665/6390/files/Army-Mini-with-Orange-swimsuit---REVAMP.jpg?v=1763065501 | https://cdn.shopify.com/s/files/1/2665/6390/files/Magenta-Mini-with-Teal-Bikini---revamp.jpg?v=1763065501,12,True,matched
Mini Bic,Glow in the Dark Mini Bic ,Glow in the Dark Mini Bic - Clear,Toker Poker,"1 piece = 2.25""x1.75""x0.5"" 0.4 oz.
1 case = 8.5""x16.625""x11.625"", 16 lbs.",500 pieces,"Piece: RTL-03-A-US-GL-CL
Case: RTL-03-A-US-GL-CL-MC",,810108340904,,10810108340901,4.2, $12.99/unit ,Yes,$13.99,,,,12.99,13.99,RTL-03-A-US-GL-CL,RTL-03-A-US-GL-CL-MC,Mini Bic,Glow in the Dark Mini Bic,Glow in the Dark Mini Bic - Clear,Mini Bic | Glow in the Dark Mini Bic | Glow in the Dark Mini Bic - Clear,mini bic glow in the dark mini bic glow in the dark mini bic clear | glow in the dark mini bic | glow in the dark mini,Bombshell Edition - MINI BIC + Keychain Attachment,bombshell-edition-mini-bic-keychain-attachment,https://tokerpoker.com/collections/shop-all/products/bombshell-edition-mini-bic-keychain-attachment,100,Zane (carolina),45,https://cdn.shopify.com/s/files/1/2665/6390/files/Carolina-Mini-with-Yellow-Bikini---revamp.jpg?v=1763065501,https://cdn.shopify.com/s/files/1/2665/6390/files/Carolina-Mini-with-Yellow-Bikini---revamp.jpg?v=1763065501 | https://cdn.shopify.com/s/files/1/2665/6390/files/Bombshell-Boys---5-pack-reflection---revamp.jpg?v=1763065501 | https://cdn.shopify.com/s/files/1/2665/6390/files/Bombshell-Boys---5-pack-reflection---revamp-2.jpg?v=1763065501 | https://cdn.shopify.com/s/files/1/2665/6390/files/Carolina-Mini-with-Yellow-Swimsuit---revamp.jpg?v=1763065501 | https://cdn.shopify.com/s/files/1/2665/6390/files/Black-Mini-with-Pink-Bikini---revamp.jpg?v=1763065501 | https://cdn.shopify.com/s/files/1/2665/6390/files/Black-Mini-with-Pink-Swimsuit---revamp.jpg?v=1763065501 | https://cdn.shopify.com/s/files/1/2665/6390/files/Lavendar-Mini-with-Green-Bikini---rfevamp.jpg?v=1763065501 | https://cdn.shopify.com/s/files/1/2665/6390/files/Army-Mini-with-Orange-swimsuit---REVAMP.jpg?v=1763065501 | https://cdn.shopify.com/s/files/1/2665/6390/files/Magenta-Mini-with-Teal-Bikini---revamp.jpg?v=1763065501 | https://cdn.shopify.com/s/files/1/2665/6390/files/Magenta-Mini-with-Teal-Swimsuit---revamp.jpg?v=1763065501,12,True,matched
Mini Bic,Glow in the Dark Mini Bic ,Glow in the Dark Mini Bic - Green,Toker Poker,"1 piece = 2.25""x1.75""x0.5"" 0.4 oz.
1 case = 8.5""x16.625""x11.625"", 16 lbs.",500 pieces,"Piece: RTL-03-A-US-GL-GN
Case: RTL-03-A-US-GL-GN-MC",,810108340874,,10810108340871,4.2, $12.99/unit ,Yes,$13.99,,,,12.99,13.99,RTL-03-A-US-GL-GN,RTL-03-A-US-GL-GN-MC,Mini Bic,Glow in the Dark Mini Bic,Glow in the Dark Mini Bic - Green,Mini Bic | Glow in the Dark Mini Bic | Glow in the Dark Mini Bic - Green,mini bic glow in the dark mini bic glow in the dark mini bic green | glow in the dark mini bic | glow in the dark mini,Bombshell Edition - MINI BIC + Keychain Attachment,bombshell-edition-mini-bic-keychain-attachment,https://tokerpoker.com/collections/shop-all/products/bombshell-edition-mini-bic-keychain-attachment,100,Nico (magenta),50,https://cdn.shopify.com/s/files/1/2665/6390/files/Carolina-Mini-with-Yellow-Bikini---revamp.jpg?v=1763065501,https://cdn.shopify.com/s/files/1/2665/6390/files/Carolina-Mini-with-Yellow-Bikini---revamp.jpg?v=1763065501 | https://cdn.shopify.com/s/files/1/2665/6390/files/Bombshell-Boys---5-pack-reflection---revamp.jpg?v=1763065501 | https://cdn.shopify.com/s/files/1/2665/6390/files/Bombshell-Boys---5-pack-reflection---revamp-2.jpg?v=1763065501 | https://cdn.shopify.com/s/files/1/2665/6390/files/Carolina-Mini-with-Yellow-Swimsuit---revamp.jpg?v=1763065501 | https://cdn.shopify.com/s/files/1/2665/6390/files/Black-Mini-with-Pink-Bikini---revamp.jpg?v=1763065501 | https://cdn.shopify.com/s/files/1/2665/6390/files/Black-Mini-with-Pink-Swimsuit---revamp.jpg?v=1763065501 | https://cdn.shopify.com/s/files/1/2665/6390/files/Lavendar-Mini-with-Green-Bikini---rfevamp.jpg?v=1763065501 | https://cdn.shopify.com/s/files/1/2665/6390/files/Army-Mini-with-Orange-swimsuit---REVAMP.jpg?v=1763065501 | https://cdn.shopify.com/s/files/1/2665/6390/files/Magenta-Mini-with-Teal-Bikini---revamp.jpg?v=1763065501 | https://cdn.shopify.com/s/files/1/2665/6390/files/Magenta-Mini-with-Teal-Swimsuit---revamp.jpg?v=1763065501,12,True,matched
Mini Bic,Glow in the Dark Mini Bic ,Glow in the Dark Mini Bic - Blue,Toker Poker,"1 piece = 2.25""x1.75""x0.5"" 0.4 oz.
1 case = 8.5""x16.625""x11.625"", 16 lbs.",500 pieces,"Piece: RTL-03-A-US-GL-BU
Case: RTL-03-A-US-GL-BU-MC",,810108340881,,10810108340888,4.2, $12.99/unit ,No,N/A,,,,12.99,,RTL-03-A-US-GL-BU,RTL-03-A-US-GL-BU-MC,Mini Bic,Glow in the Dark Mini Bic,Glow in the Dark Mini Bic - Blue,Mini Bic | Glow in the Dark Mini Bic | Glow in the Dark Mini Bic - Blue,mini bic glow in the dark mini bic glow in the dark mini bic blue | glow in the dark mini bic | glow in the dark mini,Bombshell Edition - MINI BIC + Keychain Attachment,bombshell-edition-mini-bic-keychain-attachment,https://tokerpoker.com/collections/shop-all/products/bombshell-edition-mini-bic-keychain-attachment,100,Leo (orange),45,https://cdn.shopify.com/s/files/1/2665/6390/files/Carolina-Mini-with-Yellow-Bikini---revamp.jpg?v=1763065501,https://cdn.shopify.com/s/files/1/2665/6390/files/Carolina-Mini-with-Yellow-Bikini---revamp.jpg?v=1763065501 | https://cdn.shopify.com/s/files/1/2665/6390/files/Bombshell-Boys---5-pack-reflection---revamp.jpg?v=1763065501 | https://cdn.shopify.com/s/files/1/2665/6390/files/Bombshell-Boys---5-pack-reflection---revamp-2.jpg?v=1763065501 | https://cdn.shopify.com/s/files/1/2665/6390/files/Carolina-Mini-with-Yellow-Swimsuit---revamp.jpg?v=1763065501 | https://cdn.shopify.com/s/files/1/2665/6390/files/Black-Mini-with-Pink-Bikini---revamp.jpg?v=1763065501 | https://cdn.shopify.com/s/files/1/2665/6390/files/Black-Mini-with-Pink-Swimsuit---revamp.jpg?v=1763065501 | https://cdn.shopify.com/s/files/1/2665/6390/files/Lavendar-Mini-with-Green-Bikini---rfevamp.jpg?v=1763065501 | https://cdn.shopify.com/s/files/1/2665/6390/files/Army-Mini-with-Orange-swimsuit---REVAMP.jpg?v=1763065501 | https://cdn.shopify.com/s/files/1/2665/6390/files/Magenta-Mini-with-Teal-Bikini---revamp.jpg?v=1763065501 | https://cdn.shopify.com/s/files/1/2665/6390/files/Magenta-Mini-with-Teal-Swimsuit---revamp.jpg?v=1763065501,12,True,matched
Mini Bic,Glow in the Dark Mini Bic ,Glow in the Dark Mini Bic - Pink,Toker Poker,"1 piece = 2.25""x1.75""x0.5"" 0.4 oz.
1 case = 8.5""x16.625""x11.625"", 16 lbs.",500 pieces,"Piece: RTL-03-A-US-GL-PK
Case: RTL-03-A-US-GL-PK-MC",,810108340911,,10810108340918,4.2, $12.99/unit ,Yes,$13.99,,,,12.99,13.99,RTL-03-A-US-GL-PK,RTL-03-A-US-GL-PK-MC,Mini Bic,Glow in the Dark Mini Bic,Glow in the Dark Mini Bic - Pink,Mini Bic | Glow in the Dark Mini Bic | Glow in the Dark Mini Bic - Pink,mini bic glow in the dark mini bic glow in the dark mini bic pink | glow in the dark mini bic | glow in the dark mini,Bombshell Edition - MINI BIC + Keychain Attachment,bombshell-edition-mini-bic-keychain-attachment,https://tokerpoker.com/collections/shop-all/products/bombshell-edition-mini-bic-keychain-attachment,100,Leo (orange),45,https://cdn.shopify.com/s/files/1/2665/6390/files/Carolina-Mini-with-Yellow-Bikini---revamp.jpg?v=1763065501,https://cdn.shopify.com/s/files/1/2665/6390/files/Carolina-Mini-with-Yellow-Bikini---revamp.jpg?v=1763065501 | https://cdn.shopify.com/s/files/1/2665/6390/files/Bombshell-Boys---5-pack-reflection---revamp.jpg?v=1763065501 | https://cdn.shopify.com/s/files/1/2665/6390/files/Bombshell-Boys---5-pack-reflection---revamp-2.jpg?v=1763065501 | https://cdn.shopify.com/s/files/1/2665/6390/files/Carolina-Mini-with-Yellow-Swimsuit---revamp.jpg?v=1763065501 | https://cdn.shopify.com/s/files/1/2665/6390/files/Black-Mini-with-Pink-Bikini---revamp.jpg?v=1763065501 | https://cdn.shopify.com/s/files/1/2665/6390/files/Black-Mini-with-Pink-Swimsuit---revamp.jpg?v=1763065501 | https://cdn.shopify.com/s/files/1/2665/6390/files/Lavendar-Mini-with-Green-Bikini---rfevamp.jpg?v=1763065501 | https://cdn.shopify.com/s/files/1/2665/6390/files/Army-Mini-with-Orange-swimsuit---REVAMP.jpg?v=1763065501 | https://cdn.shopify.com/s/files/1/2665/6390/files/Magenta-Mini-with-Teal-Bikini---revamp.jpg?v=1763065501 | https://cdn.shopify.com/s/files/1/2665/6390/files/Magenta-Mini-with-Teal-Swimsuit---revamp.jpg?v=1763065501,12,True,matched
Mini Bic,Glow in the Dark Mini Bic ,Glow in the Dark Mini Bic - Yellow,Toker Poker,"1 piece = 2.25""x1.75""x0.5"" 0.4 oz.
1 case = 8.5""x16.625""x11.625"", 16 lbs.",500 pieces,"Piece: RTL-03-A-US-GL-YL
Case: RTL-03-A-US-GL-YL-MC",,810108340898,,10810108340895,4.2, $12.99/unit ,Yes,$13.99,,,,12.99,13.99,RTL-03-A-US-GL-YL,RTL-03-A-US-GL-YL-MC,Mini Bic,Glow in the Dark Mini Bic,Glow in the Dark Mini Bic - Yellow,Mini Bic | Glow in the Dark Mini Bic | Glow in the Dark Mini Bic - Yellow,mini bic glow in the dark mini bic glow in the dark mini bic yellow | glow in the dark mini bic | glow in the dark mini,Bombshell Edition - MINI BIC + Keychain Attachment,bombshell-edition-mini-bic-keychain-attachment,https://tokerpoker.com/collections/shop-all/products/bombshell-edition-mini-bic-keychain-attachment,100,Maya (yellow),70,https://cdn.shopify.com/s/files/1/2665/6390/files/Yellow-Mini-with-Blue-Swimsuit---revamp.jpg?v=1763065501,https://cdn.shopify.com/s/files/1/2665/6390/files/Yellow-Mini-with-Blue-Swimsuit---revamp.jpg?v=1763065501 | https://cdn.shopify.com/s/files/1/2665/6390/files/Carolina-Mini-with-Yellow-Bikini---revamp.jpg?v=1763065501 | https://cdn.shopify.com/s/files/1/2665/6390/files/Bombshell-Boys---5-pack-reflection---revamp.jpg?v=1763065501 | https://cdn.shopify.com/s/files/1/2665/6390/files/Bombshell-Boys---5-pack-reflection---revamp-2.jpg?v=1763065501 | https://cdn.shopify.com/s/files/1/2665/6390/files/Carolina-Mini-with-Yellow-Swimsuit---revamp.jpg?v=1763065501 | https://cdn.shopify.com/s/files/1/2665/6390/files/Black-Mini-with-Pink-Bikini---revamp.jpg?v=1763065501 | https://cdn.shopify.com/s/files/1/2665/6390/files/Black-Mini-with-Pink-Swimsuit---revamp.jpg?v=1763065501 | https://cdn.shopify.com/s/files/1/2665/6390/files/Lavendar-Mini-with-Green-Bikini---rfevamp.jpg?v=1763065501 | https://cdn.shopify.com/s/files/1/2665/6390/files/Army-Mini-with-Orange-swimsuit---REVAMP.jpg?v=1763065501 | https://cdn.shopify.com/s/files/1/2665/6390/files/Magenta-Mini-with-Teal-Bikini---revamp.jpg?v=1763065501,12,True,matched
Mini Bic,Sparkle Mini Bic,Sparkle Mini Bic - Green,Toker Poker,"1 piece = 2.25""x1.75""x0.5"" 0.4 oz.
1 case = 8.5""x16.625""x11.625"", 16 lbs.",500 pieces,"Piece: RTL-03-A-US-SP-GN
Case: RTL-03-A-US-SP-GN-MC",,810108341857,,10810108341854,4.2, $12.99/unit ,Yes,$13.99,Coming Soon,,,12.99,13.99,RTL-03-A-US-SP-GN,RTL-03-A-US-SP-GN-MC,Mini Bic,Sparkle Mini Bic,Sparkle Mini Bic - Green,Mini Bic | Sparkle Mini Bic | Sparkle Mini Bic - Green,mini bic sparkle mini bic sparkle mini bic green,Bombshell Edition - MINI BIC + Keychain Attachment,bombshell-edition-mini-bic-keychain-attachment,https://tokerpoker.com/collections/shop-all/products/bombshell-edition-mini-bic-keychain-attachment,100,Nico (magenta),52,https://cdn.shopify.com/s/files/1/2665/6390/files/Carolina-Mini-with-Yellow-Bikini---revamp.jpg?v=1763065501,https://cdn.shopify.com/s/files/1/2665/6390/files/Carolina-Mini-with-Yellow-Bikini---revamp.jpg?v=1763065501 | https://cdn.shopify.com/s/files/1/2665/6390/files/Bombshell-Boys---5-pack-reflection---revamp.jpg?v=1763065501 | https://cdn.shopify.com/s/files/1/2665/6390/files/Bombshell-Boys---5-pack-reflection---revamp-2.jpg?v=1763065501 | https://cdn.shopify.com/s/files/1/2665/6390/files/Carolina-Mini-with-Yellow-Swimsuit---revamp.jpg?v=1763065501 | https://cdn.shopify.com/s/files/1/2665/6390/files/Black-Mini-with-Pink-Bikini---revamp.jpg?v=1763065501 | https://cdn.shopify.com/s/files/1/2665/6390/files/Black-Mini-with-Pink-Swimsuit---revamp.jpg?v=1763065501 | https://cdn.shopify.com/s/files/1/2665/6390/files/Lavendar-Mini-with-Green-Bikini---rfevamp.jpg?v=1763065501 | https://cdn.shopify.com/s/files/1/2665/6390/files/Army-Mini-with-Orange-swimsuit---REVAMP.jpg?v=1763065501 | https://cdn.shopify.com/s/files/1/2665/6390/files/Magenta-Mini-with-Teal-Bikini---revamp.jpg?v=1763065501 | https://cdn.shopify.com/s/files/1/2665/6390/files/Magenta-Mini-with-Teal-Swimsuit---revamp.jpg?v=1763065501,12,True,matched
Mini Bic,Sparkle Mini Bic,Sparkle Mini Bic - Clear,Toker Poker,"1 piece = 2.25""x1.75""x0.5"" 0.4 oz.
1 case = 8.5""x16.625""x11.625"", 16 lbs.",500 pieces,"Piece: RTL-03-A-US-SP-CL
Case: RTL-03-A-US-SP-CL-MC",,810108341864,,10810108341861,4.2, $12.99/unit ,Yes,$13.99,Coming Soon,,,12.99,13.99,RTL-03-A-US-SP-CL,RTL-03-A-US-SP-CL-MC,Mini Bic,Sparkle Mini Bic,Sparkle Mini Bic - Clear,Mini Bic | Sparkle Mini Bic | Sparkle Mini Bic - Clear,mini bic sparkle mini bic sparkle mini bic clear,Bombshell Edition - MINI BIC + Keychain Attachment,bombshell-edition-mini-bic-keychain-attachment,https://tokerpoker.com/collections/shop-all/products/bombshell-edition-mini-bic-keychain-attachment,100,Nico (magenta),48,https://cdn.shopify.com/s/files/1/2665/6390/files/Carolina-Mini-with-Yellow-Bikini---revamp.jpg?v=1763065501,https://cdn.shopify.com/s/files/1/2665/6390/files/Carolina-Mini-with-Yellow-Bikini---revamp.jpg?v=1763065501 | https://cdn.shopify.com/s/files/1/2665/6390/files/Bombshell-Boys---5-pack-reflection---revamp.jpg?v=1763065501 | https://cdn.shopify.com/s/files/1/2665/6390/files/Bombshell-Boys---5-pack-reflection---revamp-2.jpg?v=1763065501 | https://cdn.shopify.com/s/files/1/2665/6390/files/Carolina-Mini-with-Yellow-Swimsuit---revamp.jpg?v=1763065501 | https://cdn.shopify.com/s/files/1/2665/6390/files/Black-Mini-with-Pink-Bikini---revamp.jpg?v=1763065501 | https://cdn.shopify.com/s/files/1/2665/6390/files/Black-Mini-with-Pink-Swimsuit---revamp.jpg?v=1763065501 | https://cdn.shopify.com/s/files/1/2665/6390/files/Lavendar-Mini-with-Green-Bikini---rfevamp.jpg?v=1763065501 | https://cdn.shopify.com/s/files/1/2665/6390/files/Army-Mini-with-Orange-swimsuit---REVAMP.jpg?v=1763065501 | https://cdn.shopify.com/s/files/1/2665/6390/files/Magenta-Mini-with-Teal-Bikini---revamp.jpg?v=1763065501 | https://cdn.shopify.com/s/files/1/2665/6390/files/Magenta-Mini-with-Teal-Swimsuit---revamp.jpg?v=1763065501,12,True,matched
Mini Bic,Sparkle Mini Bic,Sparkle Mini Bic - Blue,Toker Poker,"1 piece = 2.25""x1.75""x0.5"" 0.4 oz.
1 case = 8.5""x16.625""x11.625"", 16 lbs.",500 pieces,"Piece: RTL-03-A-US-SP-BU
Case: RTL-03-A-US-SP-BU-MC",,810108341871,,10810108341878,4.2, $12.99/unit ,Yes,$13.99,Coming Soon,,,12.99,13.99,RTL-03-A-US-SP-BU,RTL-03-A-US-SP-BU-MC,Mini Bic,Sparkle Mini Bic,Sparkle Mini Bic - Blue,Mini Bic | Sparkle Mini Bic | Sparkle Mini Bic - Blue,mini bic sparkle mini bic sparkle mini bic blue,Bombshell Edition - MINI BIC + Keychain Attachment,bombshell-edition-mini-bic-keychain-attachment,https://tokerpoker.com/collections/shop-all/products/bombshell-edition-mini-bic-keychain-attachment,100,Nico (magenta),44,https://cdn.shopify.com/s/files/1/2665/6390/files/Carolina-Mini-with-Yellow-Bikini---revamp.jpg?v=1763065501,https://cdn.shopify.com/s/files/1/2665/6390/files/Carolina-Mini-with-Yellow-Bikini---revamp.jpg?v=1763065501 | https://cdn.shopify.com/s/files/1/2665/6390/files/Bombshell-Boys---5-pack-reflection---revamp.jpg?v=1763065501 | https://cdn.shopify.com/s/files/1/2665/6390/files/Bombshell-Boys---5-pack-reflection---revamp-2.jpg?v=1763065501 | https://cdn.shopify.com/s/files/1/2665/6390/files/Carolina-Mini-with-Yellow-Swimsuit---revamp.jpg?v=1763065501 | https://cdn.shopify.com/s/files/1/2665/6390/files/Black-Mini-with-Pink-Bikini---revamp.jpg?v=1763065501 | https://cdn.shopify.com/s/files/1/2665/6390/files/Black-Mini-with-Pink-Swimsuit---revamp.jpg?v=1763065501 | https://cdn.shopify.com/s/files/1/2665/6390/files/Lavendar-Mini-with-Green-Bikini---rfevamp.jpg?v=1763065501 | https://cdn.shopify.com/s/files/1/2665/6390/files/Army-Mini-with-Orange-swimsuit---REVAMP.jpg?v=1763065501 | https://cdn.shopify.com/s/files/1/2665/6390/files/Magenta-Mini-with-Teal-Bikini---revamp.jpg?v=1763065501 | https://cdn.shopify.com/s/files/1/2665/6390/files/Magenta-Mini-with-Teal-Swimsuit---revamp.jpg?v=1763065501,12,True,matched
Mini Bic,Sparkle Mini Bic,Sparkle Mini Bic - Purple,Toker Poker,"1 piece = 2.25""x1.75""x0.5"" 0.4 oz.
1 case = 8.5""x16.625""x11.625"", 16 lbs.",500 pieces,"Piece: RTL-03-A-US-SP-PU
Case: RTL-03-A-US-SP-PU-MC",,810108341888,,10810108341885,4.2, $12.99/unit ,Yes,$13.99,Coming Soon,,,12.99,13.99,RTL-03-A-US-SP-PU,RTL-03-A-US-SP-PU-MC,Mini Bic,Sparkle Mini Bic,Sparkle Mini Bic - Purple,Mini Bic | Sparkle Mini Bic | Sparkle Mini Bic - Purple,mini bic sparkle mini bic sparkle mini bic purple,Bombshell Edition - MINI BIC + Keychain Attachment,bombshell-edition-mini-bic-keychain-attachment,https://tokerpoker.com/collections/shop-all/products/bombshell-edition-mini-bic-keychain-attachment,100,Nico (magenta),43,https://cdn.shopify.com/s/files/1/2665/6390/files/Carolina-Mini-with-Yellow-Bikini---revamp.jpg?v=1763065501,https://cdn.shopify.com/s/files/1/2665/6390/files/Carolina-Mini-with-Yellow-Bikini---revamp.jpg?v=1763065501 | https://cdn.shopify.com/s/files/1/2665/6390/files/Bombshell-Boys---5-pack-reflection---revamp.jpg?v=1763065501 | https://cdn.shopify.com/s/files/1/2665/6390/files/Bombshell-Boys---5-pack-reflection---revamp-2.jpg?v=1763065501 | https://cdn.shopify.com/s/files/1/2665/6390/files/Carolina-Mini-with-Yellow-Swimsuit---revamp.jpg?v=1763065501 | https://cdn.shopify.com/s/files/1/2665/6390/files/Black-Mini-with-Pink-Bikini---revamp.jpg?v=1763065501 | https://cdn.shopify.com/s/files/1/2665/6390/files/Black-Mini-with-Pink-Swimsuit---revamp.jpg?v=1763065501 | https://cdn.shopify.com/s/files/1/2665/6390/files/Lavendar-Mini-with-Green-Bikini---rfevamp.jpg?v=1763065501 | https://cdn.shopify.com/s/files/1/2665/6390/files/Army-Mini-with-Orange-swimsuit---REVAMP.jpg?v=1763065501 | https://cdn.shopify.com/s/files/1/2665/6390/files/Magenta-Mini-with-Teal-Bikini---revamp.jpg?v=1763065501 | https://cdn.shopify.com/s/files/1/2665/6390/files/Magenta-Mini-with-Teal-Swimsuit---revamp.jpg?v=1763065501,12,True,matched
Mini Bic,Sparkle Mini Bic,Sparkle Mini Bic - Pink,Toker Poker,"1 piece = 2.25""x1.75""x0.5"" 0.4 oz.
1 case = 8.5""x16.625""x11.625"", 16 lbs.",500 pieces,"Piece: RTL-03-A-US-SP-PK
Case: RTL-03-A-US-SP-PK-MC",,810108341895,,10810108341892,4.2, $12.99/unit ,Yes,$13.99,Coming Soon,,,12.99,13.99,RTL-03-A-US-SP-PK,RTL-03-A-US-SP-PK-MC,Mini Bic,Sparkle Mini Bic,Sparkle Mini Bic - Pink,Mini Bic | Sparkle Mini Bic | Sparkle Mini Bic - Pink,mini bic sparkle mini bic sparkle mini bic pink,Bombshell Edition - MINI BIC + Keychain Attachment,bombshell-edition-mini-bic-keychain-attachment,https://tokerpoker.com/collections/shop-all/products/bombshell-edition-mini-bic-keychain-attachment,100,Nico (magenta),44,https://cdn.shopify.com/s/files/1/2665/6390/files/Carolina-Mini-with-Yellow-Bikini---revamp.jpg?v=1763065501,https://cdn.shopify.com/s/files/1/2665/6390/files/Carolina-Mini-with-Yellow-Bikini---revamp.jpg?v=1763065501 | https://cdn.shopify.com/s/files/1/2665/6390/files/Bombshell-Boys---5-pack-reflection---revamp.jpg?v=1763065501 | https://cdn.shopify.com/s/files/1/2665/6390/files/Bombshell-Boys---5-pack-reflection---revamp-2.jpg?v=1763065501 | https://cdn.shopify.com/s/files/1/2665/6390/files/Carolina-Mini-with-Yellow-Swimsuit---revamp.jpg?v=1763065501 | https://cdn.shopify.com/s/files/1/2665/6390/files/Black-Mini-with-Pink-Bikini---revamp.jpg?v=1763065501 | https://cdn.shopify.com/s/files/1/2665/6390/files/Black-Mini-with-Pink-Swimsuit---revamp.jpg?v=1763065501 | https://cdn.shopify.com/s/files/1/2665/6390/files/Lavendar-Mini-with-Green-Bikini---rfevamp.jpg?v=1763065501 | https://cdn.shopify.com/s/files/1/2665/6390/files/Army-Mini-with-Orange-swimsuit---REVAMP.jpg?v=1763065501 | https://cdn.shopify.com/s/files/1/2665/6390/files/Magenta-Mini-with-Teal-Bikini---revamp.jpg?v=1763065501 | https://cdn.shopify.com/s/files/1/2665/6390/files/Magenta-Mini-with-Teal-Swimsuit---revamp.jpg?v=1763065501,12,True,matched
Mini Bic,Sparkle Mini Bic,Sparkle Mini Bic - Black,Toker Poker,"1 piece = 2.25""x1.75""x0.5"" 0.4 oz.
1 case = 8.5""x16.625""x11.625"", 16 lbs.",500 pieces,"Piece: RTL-03-A-US-SP-BL
Case: RTL-03-A-US-SP-BL-MC",,810108341901,,10810108341908,4.2, $12.99/unit ,Yes,$13.99,Coming Soon,, ,12.99,13.99,RTL-03-A-US-SP-BL,RTL-03-A-US-SP-BL-MC,Mini Bic,Sparkle Mini Bic,Sparkle Mini Bic - Black,Mini Bic | Sparkle Mini Bic | Sparkle Mini Bic - Black,mini bic sparkle mini bic sparkle mini bic black,Bombshell Edition - MINI BIC + Keychain Attachment,bombshell-edition-mini-bic-keychain-attachment,https://tokerpoker.com/collections/shop-all/products/bombshell-edition-mini-bic-keychain-attachment,100,Jax (black),54,https://cdn.shopify.com/s/files/1/2665/6390/files/Carolina-Mini-with-Yellow-Bikini---revamp.jpg?v=1763065501,https://cdn.shopify.com/s/files/1/2665/6390/files/Carolina-Mini-with-Yellow-Bikini---revamp.jpg?v=1763065501 | https://cdn.shopify.com/s/files/1/2665/6390/files/Bombshell-Boys---5-pack-reflection---revamp.jpg?v=1763065501 | https://cdn.shopify.com/s/files/1/2665/6390/files/Bombshell-Boys---5-pack-reflection---revamp-2.jpg?v=1763065501 | https://cdn.shopify.com/s/files/1/2665/6390/files/Carolina-Mini-with-Yellow-Swimsuit---revamp.jpg?v=1763065501 | https://cdn.shopify.com/s/files/1/2665/6390/files/Black-Mini-with-Pink-Bikini---revamp.jpg?v=1763065501 | https://cdn.shopify.com/s/files/1/2665/6390/files/Black-Mini-with-Pink-Swimsuit---revamp.jpg?v=1763065501 | https://cdn.shopify.com/s/files/1/2665/6390/files/Lavendar-Mini-with-Green-Bikini---rfevamp.jpg?v=1763065501 | https://cdn.shopify.com/s/files/1/2665/6390/files/Army-Mini-with-Orange-swimsuit---REVAMP.jpg?v=1763065501 | https://cdn.shopify.com/s/files/1/2665/6390/files/Magenta-Mini-with-Teal-Bikini---revamp.jpg?v=1763065501 | https://cdn.shopify.com/s/files/1/2665/6390/files/Magenta-Mini-with-Teal-Swimsuit---revamp.jpg?v=1763065501,12,True,matched
Mini Bic,Sparkle Mini Bic,Sparkle Mini Bic - Black,Toker Poker,,,,,,,,,,,,,,,,,,,Mini Bic,Sparkle Mini Bic,Sparkle Mini Bic - Black,Mini Bic | Sparkle Mini Bic | Sparkle Mini Bic - Black,mini bic sparkle mini bic sparkle mini bic black,Bombshell Edition - MINI BIC + Keychain Attachment,bombshell-edition-mini-bic-keychain-attachment,https://tokerpoker.com/collections/shop-all/products/bombshell-edition-mini-bic-keychain-attachment,100,Jax (black),54,https://cdn.shopify.com/s/files/1/2665/6390/files/Carolina-Mini-with-Yellow-Bikini---revamp.jpg?v=1763065501,https://cdn.shopify.com/s/files/1/2665/6390/files/Carolina-Mini-with-Yellow-Bikini---revamp.jpg?v=1763065501 | https://cdn.shopify.com/s/files/1/2665/6390/files/Bombshell-Boys---5-pack-reflection---revamp.jpg?v=1763065501 | https://cdn.shopify.com/s/files/1/2665/6390/files/Bombshell-Boys---5-pack-reflection---revamp-2.jpg?v=1763065501 | https://cdn.shopify.com/s/files/1/2665/6390/files/Carolina-Mini-with-Yellow-Swimsuit---revamp.jpg?v=1763065501 | https://cdn.shopify.com/s/files/1/2665/6390/files/Black-Mini-with-Pink-Bikini---revamp.jpg?v=1763065501 | https://cdn.shopify.com/s/files/1/2665/6390/files/Black-Mini-with-Pink-Swimsuit---revamp.jpg?v=1763065501 | https://cdn.shopify.com/s/files/1/2665/6390/files/Lavendar-Mini-with-Green-Bikini---rfevamp.jpg?v=1763065501 | https://cdn.shopify.com/s/files/1/2665/6390/files/Army-Mini-with-Orange-swimsuit---REVAMP.jpg?v=1763065501 | https://cdn.shopify.com/s/files/1/2665/6390/files/Magenta-Mini-with-Teal-Bikini---revamp.jpg?v=1763065501 | https://cdn.shopify.com/s/files/1/2665/6390/files/Magenta-Mini-with-Teal-Swimsuit---revamp.jpg?v=1763065501,12,True,matched
Mini Bic,Sparkle Mini Bic,Sparkle Mini Bic - Black,Toker Poker,,,,,,,,,,,,,,,,,,,Mini Bic,Sparkle Mini Bic,Sparkle Mini Bic - Black,Mini Bic | Sparkle Mini Bic | Sparkle Mini Bic - Black,mini bic sparkle mini bic sparkle mini bic black,Bombshell Edition - MINI BIC + Keychain Attachment,bombshell-edition-mini-bic-keychain-attachment,https://tokerpoker.com/collections/shop-all/products/bombshell-edition-mini-bic-keychain-attachment,100,Jax (black),54,https://cdn.shopify.com/s/files/1/2665/6390/files/Carolina-Mini-with-Yellow-Bikini---revamp.jpg?v=1763065501,https://cdn.shopify.com/s/files/1/2665/6390/files/Carolina-Mini-with-Yellow-Bikini---revamp.jpg?v=1763065501 | https://cdn.shopify.com/s/files/1/2665/6390/files/Bombshell-Boys---5-pack-reflection---revamp.jpg?v=1763065501 | https://cdn.shopify.com/s/files/1/2665/6390/files/Bombshell-Boys---5-pack-reflection---revamp-2.jpg?v=1763065501 | https://cdn.shopify.com/s/files/1/2665/6390/files/Carolina-Mini-with-Yellow-Swimsuit---revamp.jpg?v=1763065501 | https://cdn.shopify.com/s/files/1/2665/6390/files/Black-Mini-with-Pink-Bikini---revamp.jpg?v=1763065501 | https://cdn.shopify.com/s/files/1/2665/6390/files/Black-Mini-with-Pink-Swimsuit---revamp.jpg?v=1763065501 | https://cdn.shopify.com/s/files/1/2665/6390/files/Lavendar-Mini-with-Green-Bikini---rfevamp.jpg?v=1763065501 | https://cdn.shopify.com/s/files/1/2665/6390/files/Army-Mini-with-Orange-swimsuit---REVAMP.jpg?v=1763065501 | https://cdn.shopify.com/s/files/1/2665/6390/files/Magenta-Mini-with-Teal-Bikini---revamp.jpg?v=1763065501 | https://cdn.shopify.com/s/files/1/2665/6390/files/Magenta-Mini-with-Teal-Swimsuit---revamp.jpg?v=1763065501,12,True,matched
Mini Bic,Sparkle Mini Bic,Sparkle Mini Bic - Black,Toker Poker,,,,,,,,,,,,,,,,,,,Mini Bic,Sparkle Mini Bic,Sparkle Mini Bic - Black,Mini Bic | Sparkle Mini Bic | Sparkle Mini Bic - Black,mini bic sparkle mini bic sparkle mini bic black,Bombshell Edition - MINI BIC + Keychain Attachment,bombshell-edition-mini-bic-keychain-attachment,https://tokerpoker.com/collections/shop-all/products/bombshell-edition-mini-bic-keychain-attachment,100,Jax (black),54,https://cdn.shopify.com/s/files/1/2665/6390/files/Carolina-Mini-with-Yellow-Bikini---revamp.jpg?v=1763065501,https://cdn.shopify.com/s/files/1/2665/6390/files/Carolina-Mini-with-Yellow-Bikini---revamp.jpg?v=1763065501 | https://cdn.shopify.com/s/files/1/2665/6390/files/Bombshell-Boys---5-pack-reflection---revamp.jpg?v=1763065501 | https://cdn.shopify.com/s/files/1/2665/6390/files/Bombshell-Boys---5-pack-reflection---revamp-2.jpg?v=1763065501 | https://cdn.shopify.com/s/files/1/2665/6390/files/Carolina-Mini-with-Yellow-Swimsuit---revamp.jpg?v=1763065501 | https://cdn.shopify.com/s/files/1/2665/6390/files/Black-Mini-with-Pink-Bikini---revamp.jpg?v=1763065501 | https://cdn.shopify.com/s/files/1/2665/6390/files/Black-Mini-with-Pink-Swimsuit---revamp.jpg?v=1763065501 | https://cdn.shopify.com/s/files/1/2665/6390/files/Lavendar-Mini-with-Green-Bikini---rfevamp.jpg?v=1763065501 | https://cdn.shopify.com/s/files/1/2665/6390/files/Army-Mini-with-Orange-swimsuit---REVAMP.jpg?v=1763065501 | https://cdn.shopify.com/s/files/1/2665/6390/files/Magenta-Mini-with-Teal-Bikini---revamp.jpg?v=1763065501 | https://cdn.shopify.com/s/files/1/2665/6390/files/Magenta-Mini-with-Teal-Swimsuit---revamp.jpg?v=1763065501,12,True,matched
Mini Bic,Sparkle Mini Bic,Sparkle Mini Bic - Black,Toker Poker,,,,,,,,,,,,,,,,,,,Mini Bic,Sparkle Mini Bic,Sparkle Mini Bic - Black,Mini Bic | Sparkle Mini Bic | Sparkle Mini Bic - Black,mini bic sparkle mini bic sparkle mini bic black,Bombshell Edition - MINI BIC + Keychain Attachment,bombshell-edition-mini-bic-keychain-attachment,https://tokerpoker.com/collections/shop-all/products/bombshell-edition-mini-bic-keychain-attachment,100,Jax (black),54,https://cdn.shopify.com/s/files/1/2665/6390/files/Carolina-Mini-with-Yellow-Bikini---revamp.jpg?v=1763065501,https://cdn.shopify.com/s/files/1/2665/6390/files/Carolina-Mini-with-Yellow-Bikini---revamp.jpg?v=1763065501 | https://cdn.shopify.com/s/files/1/2665/6390/files/Bombshell-Boys---5-pack-reflection---revamp.jpg?v=1763065501 | https://cdn.shopify.com/s/files/1/2665/6390/files/Bombshell-Boys---5-pack-reflection---revamp-2.jpg?v=1763065501 | https://cdn.shopify.com/s/files/1/2665/6390/files/Carolina-Mini-with-Yellow-Swimsuit---revamp.jpg?v=1763065501 | https://cdn.shopify.com/s/files/1/2665/6390/files/Black-Mini-with-Pink-Bikini---revamp.jpg?v=1763065501 | https://cdn.shopify.com/s/files/1/2665/6390/files/Black-Mini-with-Pink-Swimsuit---revamp.jpg?v=1763065501 | https://cdn.shopify.com/s/files/1/2665/6390/files/Lavendar-Mini-with-Green-Bikini---rfevamp.jpg?v=1763065501 | https://cdn.shopify.com/s/files/1/2665/6390/files/Army-Mini-with-Orange-swimsuit---REVAMP.jpg?v=1763065501 | https://cdn.shopify.com/s/files/1/2665/6390/files/Magenta-Mini-with-Teal-Bikini---revamp.jpg?v=1763065501 | https://cdn.shopify.com/s/files/1/2665/6390/files/Magenta-Mini-with-Teal-Swimsuit---revamp.jpg?v=1763065501,12,True,matched
